primer	fwd	rev	min	max
ITS2_collapsed	CGAGTYTTTGAAYGCAAGTTG	YCCCGYCTGAYCTGRGGT	1	1000
Rubisco-ribulose-1,5-bisphosphate-carboxylase/oxygenase-large-subunit-180	TTGGCAGCATTYCGAGTAACTCC	AACCYTCTTCAAAAAGGTC	1	1000
intron-region-of-a-transfer-RNA-gene-133-tnrl	GGGCAATCCTGAGCCAA	CCATTGAGTCTCTGCACCTATC	1	1000
intron-region-of-a-transfer-RNA-gene-200-1000	TAGGTGCAGAGACTCAATGG	GGGGATAGAGGGACTTGAAC	1	1000
Internal-transcribed-spacer-region-2-480	ATGCGATACTTGGTGTGAAT	TCCTCCGCTTATTGATATGC	1	1000
PCR ITS1	CCTTATCAYTTAGAggAAggAg	gCgTTCAAAgAYTCgATgRTTC	1	1000
PCR ITS2	ATgCgATACTTggTgTgAAT	gACgCTTCTCCAgACTACAAT	1	1000
PCR rbcL	ATgTCACCACAAACAgAgACTAAAgC	gTAAAATCAAgTCCACCRCg	1	1000
PCR trnL	TAggTgCAgAgACTCAATgg	ggggATAgAgggACTTgAAC	1	1000
PCR psbA-trnH	gTTATgCATgAACgTAATgCTC	CgCgCATggTggATTCACAATCC	1	1000
PCR matK	CgTACAgTACTTTTgTgTTTACgAg	ACCCAgTCCATCTggAAATCTTggTTC	1	1000
