3	NC_006290	4054	Panax ginseng	Araliaceae	4050	family	Panax ginseng;Eleutherococcus senticosus;Aralia undulata;Metapanax delavayi;Heptapleurum delavayi;Kalopanax septemlobus;Panax notoginseng;Dendropanax dentigerus;Panax quinquefolius;Dendropanax morbifer;Fatsia japonica;Panax japonicus;Panax vietnamensis;Heptapleurum heptaphyllum;Panax stipuleanatus;Aralia cordata;Aralia continentalis;Panax japonicus var. bipinnatifidus;Panax wangianus;Panax zingiberensis;Cheirodendron bastardianum;Raukaua anomalus;Raukaua edgerleyi;Raukaua simplex;Heptapleurum actinophyllum;Eleutherococcus brachypus;Eleutherococcus trifoliatus;Dendropanax oligodontus;Panax major;Aralia atropurpurea;Panax pseudoginseng var. elegantior;Eleutherococcus henryi;Eleutherococcus eleutheristylus;Eleutherococcus giraldii;Eleutherococcus sessiliflorus;Brassaiopsis angustifolia;Hedera nepalensis;Aralia elata;Aralia echinocaulis;Aralia caesia;Hedera helix;Trevesia palmata;Oreopanax guatemalensis;Oplopanax elatus;Polyscias fruticosa;Heptapleurum arboricola;Aralia thomsonii;Brassaiopsis tripteris
3	NC_016430	82096	Eleutherococcus senticosus	Araliaceae	4050	family	Panax ginseng;Eleutherococcus senticosus;Aralia undulata;Metapanax delavayi;Heptapleurum delavayi;Kalopanax septemlobus;Panax notoginseng;Dendropanax dentigerus;Panax quinquefolius;Dendropanax morbifer;Fatsia japonica;Panax japonicus;Panax vietnamensis;Heptapleurum heptaphyllum;Panax stipuleanatus;Aralia cordata;Aralia continentalis;Panax japonicus var. bipinnatifidus;Panax wangianus;Panax zingiberensis;Cheirodendron bastardianum;Raukaua anomalus;Raukaua edgerleyi;Raukaua simplex;Heptapleurum actinophyllum;Eleutherococcus brachypus;Eleutherococcus trifoliatus;Dendropanax oligodontus;Panax major;Aralia atropurpurea;Panax pseudoginseng var. elegantior;Eleutherococcus henryi;Eleutherococcus eleutheristylus;Eleutherococcus giraldii;Eleutherococcus sessiliflorus;Brassaiopsis angustifolia;Hedera nepalensis;Aralia elata;Aralia echinocaulis;Aralia caesia;Hedera helix;Trevesia palmata;Oreopanax guatemalensis;Oplopanax elatus;Polyscias fruticosa;Heptapleurum arboricola;Aralia thomsonii;Brassaiopsis tripteris
3	NC_022810	137943	Aralia undulata	Araliaceae	4050	family	Panax ginseng;Eleutherococcus senticosus;Aralia undulata;Metapanax delavayi;Heptapleurum delavayi;Kalopanax septemlobus;Panax notoginseng;Dendropanax dentigerus;Panax quinquefolius;Dendropanax morbifer;Fatsia japonica;Panax japonicus;Panax vietnamensis;Heptapleurum heptaphyllum;Panax stipuleanatus;Aralia cordata;Aralia continentalis;Panax japonicus var. bipinnatifidus;Panax wangianus;Panax zingiberensis;Cheirodendron bastardianum;Raukaua anomalus;Raukaua edgerleyi;Raukaua simplex;Heptapleurum actinophyllum;Eleutherococcus brachypus;Eleutherococcus trifoliatus;Dendropanax oligodontus;Panax major;Aralia atropurpurea;Panax pseudoginseng var. elegantior;Eleutherococcus henryi;Eleutherococcus eleutheristylus;Eleutherococcus giraldii;Eleutherococcus sessiliflorus;Brassaiopsis angustifolia;Hedera nepalensis;Aralia elata;Aralia echinocaulis;Aralia caesia;Hedera helix;Trevesia palmata;Oreopanax guatemalensis;Oplopanax elatus;Polyscias fruticosa;Heptapleurum arboricola;Aralia thomsonii;Brassaiopsis tripteris
3	NC_022812	133946	Metapanax delavayi	Araliaceae	4050	family	Panax ginseng;Eleutherococcus senticosus;Aralia undulata;Metapanax delavayi;Heptapleurum delavayi;Kalopanax septemlobus;Panax notoginseng;Dendropanax dentigerus;Panax quinquefolius;Dendropanax morbifer;Fatsia japonica;Panax japonicus;Panax vietnamensis;Heptapleurum heptaphyllum;Panax stipuleanatus;Aralia cordata;Aralia continentalis;Panax japonicus var. bipinnatifidus;Panax wangianus;Panax zingiberensis;Cheirodendron bastardianum;Raukaua anomalus;Raukaua edgerleyi;Raukaua simplex;Heptapleurum actinophyllum;Eleutherococcus brachypus;Eleutherococcus trifoliatus;Dendropanax oligodontus;Panax major;Aralia atropurpurea;Panax pseudoginseng var. elegantior;Eleutherococcus henryi;Eleutherococcus eleutheristylus;Eleutherococcus giraldii;Eleutherococcus sessiliflorus;Brassaiopsis angustifolia;Hedera nepalensis;Aralia elata;Aralia echinocaulis;Aralia caesia;Hedera helix;Trevesia palmata;Oreopanax guatemalensis;Oplopanax elatus;Polyscias fruticosa;Heptapleurum arboricola;Aralia thomsonii;Brassaiopsis tripteris
3	NC_022813	230597	Heptapleurum delavayi	Araliaceae	4050	family	Panax ginseng;Eleutherococcus senticosus;Aralia undulata;Metapanax delavayi;Heptapleurum delavayi;Kalopanax septemlobus;Panax notoginseng;Dendropanax dentigerus;Panax quinquefolius;Dendropanax morbifer;Fatsia japonica;Panax japonicus;Panax vietnamensis;Heptapleurum heptaphyllum;Panax stipuleanatus;Aralia cordata;Aralia continentalis;Panax japonicus var. bipinnatifidus;Panax wangianus;Panax zingiberensis;Cheirodendron bastardianum;Raukaua anomalus;Raukaua edgerleyi;Raukaua simplex;Heptapleurum actinophyllum;Eleutherococcus brachypus;Eleutherococcus trifoliatus;Dendropanax oligodontus;Panax major;Aralia atropurpurea;Panax pseudoginseng var. elegantior;Eleutherococcus henryi;Eleutherococcus eleutheristylus;Eleutherococcus giraldii;Eleutherococcus sessiliflorus;Brassaiopsis angustifolia;Hedera nepalensis;Aralia elata;Aralia echinocaulis;Aralia caesia;Hedera helix;Trevesia palmata;Oreopanax guatemalensis;Oplopanax elatus;Polyscias fruticosa;Heptapleurum arboricola;Aralia thomsonii;Brassaiopsis tripteris
3	NC_022814	228393	Kalopanax septemlobus	Araliaceae	4050	family	Panax ginseng;Eleutherococcus senticosus;Aralia undulata;Metapanax delavayi;Heptapleurum delavayi;Kalopanax septemlobus;Panax notoginseng;Dendropanax dentigerus;Panax quinquefolius;Dendropanax morbifer;Fatsia japonica;Panax japonicus;Panax vietnamensis;Heptapleurum heptaphyllum;Panax stipuleanatus;Aralia cordata;Aralia continentalis;Panax japonicus var. bipinnatifidus;Panax wangianus;Panax zingiberensis;Cheirodendron bastardianum;Raukaua anomalus;Raukaua edgerleyi;Raukaua simplex;Heptapleurum actinophyllum;Eleutherococcus brachypus;Eleutherococcus trifoliatus;Dendropanax oligodontus;Panax major;Aralia atropurpurea;Panax pseudoginseng var. elegantior;Eleutherococcus henryi;Eleutherococcus eleutheristylus;Eleutherococcus giraldii;Eleutherococcus sessiliflorus;Brassaiopsis angustifolia;Hedera nepalensis;Aralia elata;Aralia echinocaulis;Aralia caesia;Hedera helix;Trevesia palmata;Oreopanax guatemalensis;Oplopanax elatus;Polyscias fruticosa;Heptapleurum arboricola;Aralia thomsonii;Brassaiopsis tripteris
3	NC_026447	44586	Panax notoginseng	Araliaceae	4050	family	Panax ginseng;Eleutherococcus senticosus;Aralia undulata;Metapanax delavayi;Heptapleurum delavayi;Kalopanax septemlobus;Panax notoginseng;Dendropanax dentigerus;Panax quinquefolius;Dendropanax morbifer;Fatsia japonica;Panax japonicus;Panax vietnamensis;Heptapleurum heptaphyllum;Panax stipuleanatus;Aralia cordata;Aralia continentalis;Panax japonicus var. bipinnatifidus;Panax wangianus;Panax zingiberensis;Cheirodendron bastardianum;Raukaua anomalus;Raukaua edgerleyi;Raukaua simplex;Heptapleurum actinophyllum;Eleutherococcus brachypus;Eleutherococcus trifoliatus;Dendropanax oligodontus;Panax major;Aralia atropurpurea;Panax pseudoginseng var. elegantior;Eleutherococcus henryi;Eleutherococcus eleutheristylus;Eleutherococcus giraldii;Eleutherococcus sessiliflorus;Brassaiopsis angustifolia;Hedera nepalensis;Aralia elata;Aralia echinocaulis;Aralia caesia;Hedera helix;Trevesia palmata;Oreopanax guatemalensis;Oplopanax elatus;Polyscias fruticosa;Heptapleurum arboricola;Aralia thomsonii;Brassaiopsis tripteris
3	NC_026546	242290	Dendropanax dentigerus	Araliaceae	4050	family	Panax ginseng;Eleutherococcus senticosus;Aralia undulata;Metapanax delavayi;Heptapleurum delavayi;Kalopanax septemlobus;Panax notoginseng;Dendropanax dentigerus;Panax quinquefolius;Dendropanax morbifer;Fatsia japonica;Panax japonicus;Panax vietnamensis;Heptapleurum heptaphyllum;Panax stipuleanatus;Aralia cordata;Aralia continentalis;Panax japonicus var. bipinnatifidus;Panax wangianus;Panax zingiberensis;Cheirodendron bastardianum;Raukaua anomalus;Raukaua edgerleyi;Raukaua simplex;Heptapleurum actinophyllum;Eleutherococcus brachypus;Eleutherococcus trifoliatus;Dendropanax oligodontus;Panax major;Aralia atropurpurea;Panax pseudoginseng var. elegantior;Eleutherococcus henryi;Eleutherococcus eleutheristylus;Eleutherococcus giraldii;Eleutherococcus sessiliflorus;Brassaiopsis angustifolia;Hedera nepalensis;Aralia elata;Aralia echinocaulis;Aralia caesia;Hedera helix;Trevesia palmata;Oreopanax guatemalensis;Oplopanax elatus;Polyscias fruticosa;Heptapleurum arboricola;Aralia thomsonii;Brassaiopsis tripteris
3	NC_027456	44588	Panax quinquefolius	Araliaceae	4050	family	Panax ginseng;Eleutherococcus senticosus;Aralia undulata;Metapanax delavayi;Heptapleurum delavayi;Kalopanax septemlobus;Panax notoginseng;Dendropanax dentigerus;Panax quinquefolius;Dendropanax morbifer;Fatsia japonica;Panax japonicus;Panax vietnamensis;Heptapleurum heptaphyllum;Panax stipuleanatus;Aralia cordata;Aralia continentalis;Panax japonicus var. bipinnatifidus;Panax wangianus;Panax zingiberensis;Cheirodendron bastardianum;Raukaua anomalus;Raukaua edgerleyi;Raukaua simplex;Heptapleurum actinophyllum;Eleutherococcus brachypus;Eleutherococcus trifoliatus;Dendropanax oligodontus;Panax major;Aralia atropurpurea;Panax pseudoginseng var. elegantior;Eleutherococcus henryi;Eleutherococcus eleutheristylus;Eleutherococcus giraldii;Eleutherococcus sessiliflorus;Brassaiopsis angustifolia;Hedera nepalensis;Aralia elata;Aralia echinocaulis;Aralia caesia;Hedera helix;Trevesia palmata;Oreopanax guatemalensis;Oplopanax elatus;Polyscias fruticosa;Heptapleurum arboricola;Aralia thomsonii;Brassaiopsis tripteris
3	NC_027607	98373	Dendropanax morbifer	Araliaceae	4050	family	Panax ginseng;Eleutherococcus senticosus;Aralia undulata;Metapanax delavayi;Heptapleurum delavayi;Kalopanax septemlobus;Panax notoginseng;Dendropanax dentigerus;Panax quinquefolius;Dendropanax morbifer;Fatsia japonica;Panax japonicus;Panax vietnamensis;Heptapleurum heptaphyllum;Panax stipuleanatus;Aralia cordata;Aralia continentalis;Panax japonicus var. bipinnatifidus;Panax wangianus;Panax zingiberensis;Cheirodendron bastardianum;Raukaua anomalus;Raukaua edgerleyi;Raukaua simplex;Heptapleurum actinophyllum;Eleutherococcus brachypus;Eleutherococcus trifoliatus;Dendropanax oligodontus;Panax major;Aralia atropurpurea;Panax pseudoginseng var. elegantior;Eleutherococcus henryi;Eleutherococcus eleutheristylus;Eleutherococcus giraldii;Eleutherococcus sessiliflorus;Brassaiopsis angustifolia;Hedera nepalensis;Aralia elata;Aralia echinocaulis;Aralia caesia;Hedera helix;Trevesia palmata;Oreopanax guatemalensis;Oplopanax elatus;Polyscias fruticosa;Heptapleurum arboricola;Aralia thomsonii;Brassaiopsis tripteris
3	NC_027685	46397	Fatsia japonica	Araliaceae	4050	family	Panax ginseng;Eleutherococcus senticosus;Aralia undulata;Metapanax delavayi;Heptapleurum delavayi;Kalopanax septemlobus;Panax notoginseng;Dendropanax dentigerus;Panax quinquefolius;Dendropanax morbifer;Fatsia japonica;Panax japonicus;Panax vietnamensis;Heptapleurum heptaphyllum;Panax stipuleanatus;Aralia cordata;Aralia continentalis;Panax japonicus var. bipinnatifidus;Panax wangianus;Panax zingiberensis;Cheirodendron bastardianum;Raukaua anomalus;Raukaua edgerleyi;Raukaua simplex;Heptapleurum actinophyllum;Eleutherococcus brachypus;Eleutherococcus trifoliatus;Dendropanax oligodontus;Panax major;Aralia atropurpurea;Panax pseudoginseng var. elegantior;Eleutherococcus henryi;Eleutherococcus eleutheristylus;Eleutherococcus giraldii;Eleutherococcus sessiliflorus;Brassaiopsis angustifolia;Hedera nepalensis;Aralia elata;Aralia echinocaulis;Aralia caesia;Hedera helix;Trevesia palmata;Oreopanax guatemalensis;Oplopanax elatus;Polyscias fruticosa;Heptapleurum arboricola;Aralia thomsonii;Brassaiopsis tripteris
3	NC_028703	44685	Panax japonicus	Araliaceae	4050	family	Panax ginseng;Eleutherococcus senticosus;Aralia undulata;Metapanax delavayi;Heptapleurum delavayi;Kalopanax septemlobus;Panax notoginseng;Dendropanax dentigerus;Panax quinquefolius;Dendropanax morbifer;Fatsia japonica;Panax japonicus;Panax vietnamensis;Heptapleurum heptaphyllum;Panax stipuleanatus;Aralia cordata;Aralia continentalis;Panax japonicus var. bipinnatifidus;Panax wangianus;Panax zingiberensis;Cheirodendron bastardianum;Raukaua anomalus;Raukaua edgerleyi;Raukaua simplex;Heptapleurum actinophyllum;Eleutherococcus brachypus;Eleutherococcus trifoliatus;Dendropanax oligodontus;Panax major;Aralia atropurpurea;Panax pseudoginseng var. elegantior;Eleutherococcus henryi;Eleutherococcus eleutheristylus;Eleutherococcus giraldii;Eleutherococcus sessiliflorus;Brassaiopsis angustifolia;Hedera nepalensis;Aralia elata;Aralia echinocaulis;Aralia caesia;Hedera helix;Trevesia palmata;Oreopanax guatemalensis;Oplopanax elatus;Polyscias fruticosa;Heptapleurum arboricola;Aralia thomsonii;Brassaiopsis tripteris
3	NC_028704	106132	Panax vietnamensis	Araliaceae	4050	family	Panax ginseng;Eleutherococcus senticosus;Aralia undulata;Metapanax delavayi;Heptapleurum delavayi;Kalopanax septemlobus;Panax notoginseng;Dendropanax dentigerus;Panax quinquefolius;Dendropanax morbifer;Fatsia japonica;Panax japonicus;Panax vietnamensis;Heptapleurum heptaphyllum;Panax stipuleanatus;Aralia cordata;Aralia continentalis;Panax japonicus var. bipinnatifidus;Panax wangianus;Panax zingiberensis;Cheirodendron bastardianum;Raukaua anomalus;Raukaua edgerleyi;Raukaua simplex;Heptapleurum actinophyllum;Eleutherococcus brachypus;Eleutherococcus trifoliatus;Dendropanax oligodontus;Panax major;Aralia atropurpurea;Panax pseudoginseng var. elegantior;Eleutherococcus henryi;Eleutherococcus eleutheristylus;Eleutherococcus giraldii;Eleutherococcus sessiliflorus;Brassaiopsis angustifolia;Hedera nepalensis;Aralia elata;Aralia echinocaulis;Aralia caesia;Hedera helix;Trevesia palmata;Oreopanax guatemalensis;Oplopanax elatus;Polyscias fruticosa;Heptapleurum arboricola;Aralia thomsonii;Brassaiopsis tripteris
3	NC_029764	327218	Heptapleurum heptaphyllum	Araliaceae	4050	family	Panax ginseng;Eleutherococcus senticosus;Aralia undulata;Metapanax delavayi;Heptapleurum delavayi;Kalopanax septemlobus;Panax notoginseng;Dendropanax dentigerus;Panax quinquefolius;Dendropanax morbifer;Fatsia japonica;Panax japonicus;Panax vietnamensis;Heptapleurum heptaphyllum;Panax stipuleanatus;Aralia cordata;Aralia continentalis;Panax japonicus var. bipinnatifidus;Panax wangianus;Panax zingiberensis;Cheirodendron bastardianum;Raukaua anomalus;Raukaua edgerleyi;Raukaua simplex;Heptapleurum actinophyllum;Eleutherococcus brachypus;Eleutherococcus trifoliatus;Dendropanax oligodontus;Panax major;Aralia atropurpurea;Panax pseudoginseng var. elegantior;Eleutherococcus henryi;Eleutherococcus eleutheristylus;Eleutherococcus giraldii;Eleutherococcus sessiliflorus;Brassaiopsis angustifolia;Hedera nepalensis;Aralia elata;Aralia echinocaulis;Aralia caesia;Hedera helix;Trevesia palmata;Oreopanax guatemalensis;Oplopanax elatus;Polyscias fruticosa;Heptapleurum arboricola;Aralia thomsonii;Brassaiopsis tripteris
3	NC_030598	44682	Panax stipuleanatus	Araliaceae	4050	family	Panax ginseng;Eleutherococcus senticosus;Aralia undulata;Metapanax delavayi;Heptapleurum delavayi;Kalopanax septemlobus;Panax notoginseng;Dendropanax dentigerus;Panax quinquefolius;Dendropanax morbifer;Fatsia japonica;Panax japonicus;Panax vietnamensis;Heptapleurum heptaphyllum;Panax stipuleanatus;Aralia cordata;Aralia continentalis;Panax japonicus var. bipinnatifidus;Panax wangianus;Panax zingiberensis;Cheirodendron bastardianum;Raukaua anomalus;Raukaua edgerleyi;Raukaua simplex;Heptapleurum actinophyllum;Eleutherococcus brachypus;Eleutherococcus trifoliatus;Dendropanax oligodontus;Panax major;Aralia atropurpurea;Panax pseudoginseng var. elegantior;Eleutherococcus henryi;Eleutherococcus eleutheristylus;Eleutherococcus giraldii;Eleutherococcus sessiliflorus;Brassaiopsis angustifolia;Hedera nepalensis;Aralia elata;Aralia echinocaulis;Aralia caesia;Hedera helix;Trevesia palmata;Oreopanax guatemalensis;Oplopanax elatus;Polyscias fruticosa;Heptapleurum arboricola;Aralia thomsonii;Brassaiopsis tripteris
0	NC_032296	237963	Viburnum utile	Viburnum	4204	genus	Viburnum utile;Viburnum betulifolium;Viburnum brachybotryum;Viburnum odoratissimum;Viburnum carlesii x Viburnum macrocephalum;Viburnum burejaeticum;Viburnum schensianum;Viburnum farreri;Viburnum dilatatum;Viburnum japonicum;Viburnum chinshanense;Viburnum acerifolium;Viburnum molle;Viburnum dentatum;Viburnum tinus;Viburnum plicatum;Viburnum lentago;Viburnum amplificatum;Viburnum grandiflorum
1	NC_033878	180062	Sambucus williamsii	Sambucus	4201	genus	Sambucus williamsii;Sambucus nigra;Sambucus javanica;Sambucus adnata;Sambucus ebulus;Sambucus canadensis;Sambucus mexicana
0	NC_037951	224736	Viburnum betulifolium	Viburnum	4204	genus	Viburnum utile;Viburnum betulifolium;Viburnum brachybotryum;Viburnum odoratissimum;Viburnum carlesii x Viburnum macrocephalum;Viburnum burejaeticum;Viburnum schensianum;Viburnum farreri;Viburnum dilatatum;Viburnum japonicum;Viburnum chinshanense;Viburnum acerifolium;Viburnum molle;Viburnum dentatum;Viburnum tinus;Viburnum plicatum;Viburnum lentago;Viburnum amplificatum;Viburnum grandiflorum
2	NC_040944	138902	Torricellia tiliifolia	Torricellia tiliifolia	138902	species	Torricellia tiliifolia
3	NC_040964	29746	Aralia cordata	Araliaceae	4050	family	Panax ginseng;Eleutherococcus senticosus;Aralia undulata;Metapanax delavayi;Heptapleurum delavayi;Kalopanax septemlobus;Panax notoginseng;Dendropanax dentigerus;Panax quinquefolius;Dendropanax morbifer;Fatsia japonica;Panax japonicus;Panax vietnamensis;Heptapleurum heptaphyllum;Panax stipuleanatus;Aralia cordata;Aralia continentalis;Panax japonicus var. bipinnatifidus;Panax wangianus;Panax zingiberensis;Cheirodendron bastardianum;Raukaua anomalus;Raukaua edgerleyi;Raukaua simplex;Heptapleurum actinophyllum;Eleutherococcus brachypus;Eleutherococcus trifoliatus;Dendropanax oligodontus;Panax major;Aralia atropurpurea;Panax pseudoginseng var. elegantior;Eleutherococcus henryi;Eleutherococcus eleutheristylus;Eleutherococcus giraldii;Eleutherococcus sessiliflorus;Brassaiopsis angustifolia;Hedera nepalensis;Aralia elata;Aralia echinocaulis;Aralia caesia;Hedera helix;Trevesia palmata;Oreopanax guatemalensis;Oplopanax elatus;Polyscias fruticosa;Heptapleurum arboricola;Aralia thomsonii;Brassaiopsis tripteris
3	NC_041648	287721	Aralia continentalis	Araliaceae	4050	family	Panax ginseng;Eleutherococcus senticosus;Aralia undulata;Metapanax delavayi;Heptapleurum delavayi;Kalopanax septemlobus;Panax notoginseng;Dendropanax dentigerus;Panax quinquefolius;Dendropanax morbifer;Fatsia japonica;Panax japonicus;Panax vietnamensis;Heptapleurum heptaphyllum;Panax stipuleanatus;Aralia cordata;Aralia continentalis;Panax japonicus var. bipinnatifidus;Panax wangianus;Panax zingiberensis;Cheirodendron bastardianum;Raukaua anomalus;Raukaua edgerleyi;Raukaua simplex;Heptapleurum actinophyllum;Eleutherococcus brachypus;Eleutherococcus trifoliatus;Dendropanax oligodontus;Panax major;Aralia atropurpurea;Panax pseudoginseng var. elegantior;Eleutherococcus henryi;Eleutherococcus eleutheristylus;Eleutherococcus giraldii;Eleutherococcus sessiliflorus;Brassaiopsis angustifolia;Hedera nepalensis;Aralia elata;Aralia echinocaulis;Aralia caesia;Hedera helix;Trevesia palmata;Oreopanax guatemalensis;Oplopanax elatus;Polyscias fruticosa;Heptapleurum arboricola;Aralia thomsonii;Brassaiopsis tripteris
3	NC_043952	45211	Panax japonicus var. bipinnatifidus	Araliaceae	4050	family	Panax ginseng;Eleutherococcus senticosus;Aralia undulata;Metapanax delavayi;Heptapleurum delavayi;Kalopanax septemlobus;Panax notoginseng;Dendropanax dentigerus;Panax quinquefolius;Dendropanax morbifer;Fatsia japonica;Panax japonicus;Panax vietnamensis;Heptapleurum heptaphyllum;Panax stipuleanatus;Aralia cordata;Aralia continentalis;Panax japonicus var. bipinnatifidus;Panax wangianus;Panax zingiberensis;Cheirodendron bastardianum;Raukaua anomalus;Raukaua edgerleyi;Raukaua simplex;Heptapleurum actinophyllum;Eleutherococcus brachypus;Eleutherococcus trifoliatus;Dendropanax oligodontus;Panax major;Aralia atropurpurea;Panax pseudoginseng var. elegantior;Eleutherococcus henryi;Eleutherococcus eleutheristylus;Eleutherococcus giraldii;Eleutherococcus sessiliflorus;Brassaiopsis angustifolia;Hedera nepalensis;Aralia elata;Aralia echinocaulis;Aralia caesia;Hedera helix;Trevesia palmata;Oreopanax guatemalensis;Oplopanax elatus;Polyscias fruticosa;Heptapleurum arboricola;Aralia thomsonii;Brassaiopsis tripteris
3	NC_043953	44589	Panax wangianus	Araliaceae	4050	family	Panax ginseng;Eleutherococcus senticosus;Aralia undulata;Metapanax delavayi;Heptapleurum delavayi;Kalopanax septemlobus;Panax notoginseng;Dendropanax dentigerus;Panax quinquefolius;Dendropanax morbifer;Fatsia japonica;Panax japonicus;Panax vietnamensis;Heptapleurum heptaphyllum;Panax stipuleanatus;Aralia cordata;Aralia continentalis;Panax japonicus var. bipinnatifidus;Panax wangianus;Panax zingiberensis;Cheirodendron bastardianum;Raukaua anomalus;Raukaua edgerleyi;Raukaua simplex;Heptapleurum actinophyllum;Eleutherococcus brachypus;Eleutherococcus trifoliatus;Dendropanax oligodontus;Panax major;Aralia atropurpurea;Panax pseudoginseng var. elegantior;Eleutherococcus henryi;Eleutherococcus eleutheristylus;Eleutherococcus giraldii;Eleutherococcus sessiliflorus;Brassaiopsis angustifolia;Hedera nepalensis;Aralia elata;Aralia echinocaulis;Aralia caesia;Hedera helix;Trevesia palmata;Oreopanax guatemalensis;Oplopanax elatus;Polyscias fruticosa;Heptapleurum arboricola;Aralia thomsonii;Brassaiopsis tripteris
3	NC_043954	44684	Panax zingiberensis	Araliaceae	4050	family	Panax ginseng;Eleutherococcus senticosus;Aralia undulata;Metapanax delavayi;Heptapleurum delavayi;Kalopanax septemlobus;Panax notoginseng;Dendropanax dentigerus;Panax quinquefolius;Dendropanax morbifer;Fatsia japonica;Panax japonicus;Panax vietnamensis;Heptapleurum heptaphyllum;Panax stipuleanatus;Aralia cordata;Aralia continentalis;Panax japonicus var. bipinnatifidus;Panax wangianus;Panax zingiberensis;Cheirodendron bastardianum;Raukaua anomalus;Raukaua edgerleyi;Raukaua simplex;Heptapleurum actinophyllum;Eleutherococcus brachypus;Eleutherococcus trifoliatus;Dendropanax oligodontus;Panax major;Aralia atropurpurea;Panax pseudoginseng var. elegantior;Eleutherococcus henryi;Eleutherococcus eleutheristylus;Eleutherococcus giraldii;Eleutherococcus sessiliflorus;Brassaiopsis angustifolia;Hedera nepalensis;Aralia elata;Aralia echinocaulis;Aralia caesia;Hedera helix;Trevesia palmata;Oreopanax guatemalensis;Oplopanax elatus;Polyscias fruticosa;Heptapleurum arboricola;Aralia thomsonii;Brassaiopsis tripteris
1	NC_045061	4202	Sambucus nigra	Sambucus	4201	genus	Sambucus williamsii;Sambucus nigra;Sambucus javanica;Sambucus adnata;Sambucus ebulus;Sambucus canadensis;Sambucus mexicana
0	NC_045062	432674	Viburnum brachybotryum	Viburnum	4204	genus	Viburnum utile;Viburnum betulifolium;Viburnum brachybotryum;Viburnum odoratissimum;Viburnum carlesii x Viburnum macrocephalum;Viburnum burejaeticum;Viburnum schensianum;Viburnum farreri;Viburnum dilatatum;Viburnum japonicum;Viburnum chinshanense;Viburnum acerifolium;Viburnum molle;Viburnum dentatum;Viburnum tinus;Viburnum plicatum;Viburnum lentago;Viburnum amplificatum;Viburnum grandiflorum
0	NC_046782	237951	Viburnum odoratissimum	Viburnum	4204	genus	Viburnum utile;Viburnum betulifolium;Viburnum brachybotryum;Viburnum odoratissimum;Viburnum carlesii x Viburnum macrocephalum;Viburnum burejaeticum;Viburnum schensianum;Viburnum farreri;Viburnum dilatatum;Viburnum japonicum;Viburnum chinshanense;Viburnum acerifolium;Viburnum molle;Viburnum dentatum;Viburnum tinus;Viburnum plicatum;Viburnum lentago;Viburnum amplificatum;Viburnum grandiflorum
0	NC_048464	2719321	Viburnum carlesii x Viburnum macrocephalum	Viburnum	4204	genus	Viburnum utile;Viburnum betulifolium;Viburnum brachybotryum;Viburnum odoratissimum;Viburnum carlesii x Viburnum macrocephalum;Viburnum burejaeticum;Viburnum schensianum;Viburnum farreri;Viburnum dilatatum;Viburnum japonicum;Viburnum chinshanense;Viburnum acerifolium;Viburnum molle;Viburnum dentatum;Viburnum tinus;Viburnum plicatum;Viburnum lentago;Viburnum amplificatum;Viburnum grandiflorum
3	NC_049884	665685	Cheirodendron bastardianum	Araliaceae	4050	family	Panax ginseng;Eleutherococcus senticosus;Aralia undulata;Metapanax delavayi;Heptapleurum delavayi;Kalopanax septemlobus;Panax notoginseng;Dendropanax dentigerus;Panax quinquefolius;Dendropanax morbifer;Fatsia japonica;Panax japonicus;Panax vietnamensis;Heptapleurum heptaphyllum;Panax stipuleanatus;Aralia cordata;Aralia continentalis;Panax japonicus var. bipinnatifidus;Panax wangianus;Panax zingiberensis;Cheirodendron bastardianum;Raukaua anomalus;Raukaua edgerleyi;Raukaua simplex;Heptapleurum actinophyllum;Eleutherococcus brachypus;Eleutherococcus trifoliatus;Dendropanax oligodontus;Panax major;Aralia atropurpurea;Panax pseudoginseng var. elegantior;Eleutherococcus henryi;Eleutherococcus eleutheristylus;Eleutherococcus giraldii;Eleutherococcus sessiliflorus;Brassaiopsis angustifolia;Hedera nepalensis;Aralia elata;Aralia echinocaulis;Aralia caesia;Hedera helix;Trevesia palmata;Oreopanax guatemalensis;Oplopanax elatus;Polyscias fruticosa;Heptapleurum arboricola;Aralia thomsonii;Brassaiopsis tripteris
3	NC_049886	50309	Raukaua anomalus	Araliaceae	4050	family	Panax ginseng;Eleutherococcus senticosus;Aralia undulata;Metapanax delavayi;Heptapleurum delavayi;Kalopanax septemlobus;Panax notoginseng;Dendropanax dentigerus;Panax quinquefolius;Dendropanax morbifer;Fatsia japonica;Panax japonicus;Panax vietnamensis;Heptapleurum heptaphyllum;Panax stipuleanatus;Aralia cordata;Aralia continentalis;Panax japonicus var. bipinnatifidus;Panax wangianus;Panax zingiberensis;Cheirodendron bastardianum;Raukaua anomalus;Raukaua edgerleyi;Raukaua simplex;Heptapleurum actinophyllum;Eleutherococcus brachypus;Eleutherococcus trifoliatus;Dendropanax oligodontus;Panax major;Aralia atropurpurea;Panax pseudoginseng var. elegantior;Eleutherococcus henryi;Eleutherococcus eleutheristylus;Eleutherococcus giraldii;Eleutherococcus sessiliflorus;Brassaiopsis angustifolia;Hedera nepalensis;Aralia elata;Aralia echinocaulis;Aralia caesia;Hedera helix;Trevesia palmata;Oreopanax guatemalensis;Oplopanax elatus;Polyscias fruticosa;Heptapleurum arboricola;Aralia thomsonii;Brassaiopsis tripteris
3	NC_049887	50314	Raukaua edgerleyi	Araliaceae	4050	family	Panax ginseng;Eleutherococcus senticosus;Aralia undulata;Metapanax delavayi;Heptapleurum delavayi;Kalopanax septemlobus;Panax notoginseng;Dendropanax dentigerus;Panax quinquefolius;Dendropanax morbifer;Fatsia japonica;Panax japonicus;Panax vietnamensis;Heptapleurum heptaphyllum;Panax stipuleanatus;Aralia cordata;Aralia continentalis;Panax japonicus var. bipinnatifidus;Panax wangianus;Panax zingiberensis;Cheirodendron bastardianum;Raukaua anomalus;Raukaua edgerleyi;Raukaua simplex;Heptapleurum actinophyllum;Eleutherococcus brachypus;Eleutherococcus trifoliatus;Dendropanax oligodontus;Panax major;Aralia atropurpurea;Panax pseudoginseng var. elegantior;Eleutherococcus henryi;Eleutherococcus eleutheristylus;Eleutherococcus giraldii;Eleutherococcus sessiliflorus;Brassaiopsis angustifolia;Hedera nepalensis;Aralia elata;Aralia echinocaulis;Aralia caesia;Hedera helix;Trevesia palmata;Oreopanax guatemalensis;Oplopanax elatus;Polyscias fruticosa;Heptapleurum arboricola;Aralia thomsonii;Brassaiopsis tripteris
3	NC_049888	50323	Raukaua simplex	Araliaceae	4050	family	Panax ginseng;Eleutherococcus senticosus;Aralia undulata;Metapanax delavayi;Heptapleurum delavayi;Kalopanax septemlobus;Panax notoginseng;Dendropanax dentigerus;Panax quinquefolius;Dendropanax morbifer;Fatsia japonica;Panax japonicus;Panax vietnamensis;Heptapleurum heptaphyllum;Panax stipuleanatus;Aralia cordata;Aralia continentalis;Panax japonicus var. bipinnatifidus;Panax wangianus;Panax zingiberensis;Cheirodendron bastardianum;Raukaua anomalus;Raukaua edgerleyi;Raukaua simplex;Heptapleurum actinophyllum;Eleutherococcus brachypus;Eleutherococcus trifoliatus;Dendropanax oligodontus;Panax major;Aralia atropurpurea;Panax pseudoginseng var. elegantior;Eleutherococcus henryi;Eleutherococcus eleutheristylus;Eleutherococcus giraldii;Eleutherococcus sessiliflorus;Brassaiopsis angustifolia;Hedera nepalensis;Aralia elata;Aralia echinocaulis;Aralia caesia;Hedera helix;Trevesia palmata;Oreopanax guatemalensis;Oplopanax elatus;Polyscias fruticosa;Heptapleurum arboricola;Aralia thomsonii;Brassaiopsis tripteris
3	NC_049889	52501	Heptapleurum actinophyllum	Araliaceae	4050	family	Panax ginseng;Eleutherococcus senticosus;Aralia undulata;Metapanax delavayi;Heptapleurum delavayi;Kalopanax septemlobus;Panax notoginseng;Dendropanax dentigerus;Panax quinquefolius;Dendropanax morbifer;Fatsia japonica;Panax japonicus;Panax vietnamensis;Heptapleurum heptaphyllum;Panax stipuleanatus;Aralia cordata;Aralia continentalis;Panax japonicus var. bipinnatifidus;Panax wangianus;Panax zingiberensis;Cheirodendron bastardianum;Raukaua anomalus;Raukaua edgerleyi;Raukaua simplex;Heptapleurum actinophyllum;Eleutherococcus brachypus;Eleutherococcus trifoliatus;Dendropanax oligodontus;Panax major;Aralia atropurpurea;Panax pseudoginseng var. elegantior;Eleutherococcus henryi;Eleutherococcus eleutheristylus;Eleutherococcus giraldii;Eleutherococcus sessiliflorus;Brassaiopsis angustifolia;Hedera nepalensis;Aralia elata;Aralia echinocaulis;Aralia caesia;Hedera helix;Trevesia palmata;Oreopanax guatemalensis;Oplopanax elatus;Polyscias fruticosa;Heptapleurum arboricola;Aralia thomsonii;Brassaiopsis tripteris
0	NC_050741	1190427	Viburnum burejaeticum	Viburnum	4204	genus	Viburnum utile;Viburnum betulifolium;Viburnum brachybotryum;Viburnum odoratissimum;Viburnum carlesii x Viburnum macrocephalum;Viburnum burejaeticum;Viburnum schensianum;Viburnum farreri;Viburnum dilatatum;Viburnum japonicum;Viburnum chinshanense;Viburnum acerifolium;Viburnum molle;Viburnum dentatum;Viburnum tinus;Viburnum plicatum;Viburnum lentago;Viburnum amplificatum;Viburnum grandiflorum
3	NC_050832	2291122	Eleutherococcus brachypus	Araliaceae	4050	family	Panax ginseng;Eleutherococcus senticosus;Aralia undulata;Metapanax delavayi;Heptapleurum delavayi;Kalopanax septemlobus;Panax notoginseng;Dendropanax dentigerus;Panax quinquefolius;Dendropanax morbifer;Fatsia japonica;Panax japonicus;Panax vietnamensis;Heptapleurum heptaphyllum;Panax stipuleanatus;Aralia cordata;Aralia continentalis;Panax japonicus var. bipinnatifidus;Panax wangianus;Panax zingiberensis;Cheirodendron bastardianum;Raukaua anomalus;Raukaua edgerleyi;Raukaua simplex;Heptapleurum actinophyllum;Eleutherococcus brachypus;Eleutherococcus trifoliatus;Dendropanax oligodontus;Panax major;Aralia atropurpurea;Panax pseudoginseng var. elegantior;Eleutherococcus henryi;Eleutherococcus eleutheristylus;Eleutherococcus giraldii;Eleutherococcus sessiliflorus;Brassaiopsis angustifolia;Hedera nepalensis;Aralia elata;Aralia echinocaulis;Aralia caesia;Hedera helix;Trevesia palmata;Oreopanax guatemalensis;Oplopanax elatus;Polyscias fruticosa;Heptapleurum arboricola;Aralia thomsonii;Brassaiopsis tripteris
1	NC_051520	57009	Sambucus javanica	Sambucus	4201	genus	Sambucus williamsii;Sambucus nigra;Sambucus javanica;Sambucus adnata;Sambucus ebulus;Sambucus canadensis;Sambucus mexicana
1	NC_051521	57203	Sambucus adnata	Sambucus	4201	genus	Sambucus williamsii;Sambucus nigra;Sambucus javanica;Sambucus adnata;Sambucus ebulus;Sambucus canadensis;Sambucus mexicana
3	NC_052849	46385	Eleutherococcus trifoliatus	Araliaceae	4050	family	Panax ginseng;Eleutherococcus senticosus;Aralia undulata;Metapanax delavayi;Heptapleurum delavayi;Kalopanax septemlobus;Panax notoginseng;Dendropanax dentigerus;Panax quinquefolius;Dendropanax morbifer;Fatsia japonica;Panax japonicus;Panax vietnamensis;Heptapleurum heptaphyllum;Panax stipuleanatus;Aralia cordata;Aralia continentalis;Panax japonicus var. bipinnatifidus;Panax wangianus;Panax zingiberensis;Cheirodendron bastardianum;Raukaua anomalus;Raukaua edgerleyi;Raukaua simplex;Heptapleurum actinophyllum;Eleutherococcus brachypus;Eleutherococcus trifoliatus;Dendropanax oligodontus;Panax major;Aralia atropurpurea;Panax pseudoginseng var. elegantior;Eleutherococcus henryi;Eleutherococcus eleutheristylus;Eleutherococcus giraldii;Eleutherococcus sessiliflorus;Brassaiopsis angustifolia;Hedera nepalensis;Aralia elata;Aralia echinocaulis;Aralia caesia;Hedera helix;Trevesia palmata;Oreopanax guatemalensis;Oplopanax elatus;Polyscias fruticosa;Heptapleurum arboricola;Aralia thomsonii;Brassaiopsis tripteris
3	NC_053618	904034	Dendropanax oligodontus	Araliaceae	4050	family	Panax ginseng;Eleutherococcus senticosus;Aralia undulata;Metapanax delavayi;Heptapleurum delavayi;Kalopanax septemlobus;Panax notoginseng;Dendropanax dentigerus;Panax quinquefolius;Dendropanax morbifer;Fatsia japonica;Panax japonicus;Panax vietnamensis;Heptapleurum heptaphyllum;Panax stipuleanatus;Aralia cordata;Aralia continentalis;Panax japonicus var. bipinnatifidus;Panax wangianus;Panax zingiberensis;Cheirodendron bastardianum;Raukaua anomalus;Raukaua edgerleyi;Raukaua simplex;Heptapleurum actinophyllum;Eleutherococcus brachypus;Eleutherococcus trifoliatus;Dendropanax oligodontus;Panax major;Aralia atropurpurea;Panax pseudoginseng var. elegantior;Eleutherococcus henryi;Eleutherococcus eleutheristylus;Eleutherococcus giraldii;Eleutherococcus sessiliflorus;Brassaiopsis angustifolia;Hedera nepalensis;Aralia elata;Aralia echinocaulis;Aralia caesia;Hedera helix;Trevesia palmata;Oreopanax guatemalensis;Oplopanax elatus;Polyscias fruticosa;Heptapleurum arboricola;Aralia thomsonii;Brassaiopsis tripteris
3	NC_053713	2557522	Panax major	Araliaceae	4050	family	Panax ginseng;Eleutherococcus senticosus;Aralia undulata;Metapanax delavayi;Heptapleurum delavayi;Kalopanax septemlobus;Panax notoginseng;Dendropanax dentigerus;Panax quinquefolius;Dendropanax morbifer;Fatsia japonica;Panax japonicus;Panax vietnamensis;Heptapleurum heptaphyllum;Panax stipuleanatus;Aralia cordata;Aralia continentalis;Panax japonicus var. bipinnatifidus;Panax wangianus;Panax zingiberensis;Cheirodendron bastardianum;Raukaua anomalus;Raukaua edgerleyi;Raukaua simplex;Heptapleurum actinophyllum;Eleutherococcus brachypus;Eleutherococcus trifoliatus;Dendropanax oligodontus;Panax major;Aralia atropurpurea;Panax pseudoginseng var. elegantior;Eleutherococcus henryi;Eleutherococcus eleutheristylus;Eleutherococcus giraldii;Eleutherococcus sessiliflorus;Brassaiopsis angustifolia;Hedera nepalensis;Aralia elata;Aralia echinocaulis;Aralia caesia;Hedera helix;Trevesia palmata;Oreopanax guatemalensis;Oplopanax elatus;Polyscias fruticosa;Heptapleurum arboricola;Aralia thomsonii;Brassaiopsis tripteris
0	NC_056104	1127660	Viburnum schensianum	Viburnum	4204	genus	Viburnum utile;Viburnum betulifolium;Viburnum brachybotryum;Viburnum odoratissimum;Viburnum carlesii x Viburnum macrocephalum;Viburnum burejaeticum;Viburnum schensianum;Viburnum farreri;Viburnum dilatatum;Viburnum japonicum;Viburnum chinshanense;Viburnum acerifolium;Viburnum molle;Viburnum dentatum;Viburnum tinus;Viburnum plicatum;Viburnum lentago;Viburnum amplificatum;Viburnum grandiflorum
0	NC_056112	237939	Viburnum farreri	Viburnum	4204	genus	Viburnum utile;Viburnum betulifolium;Viburnum brachybotryum;Viburnum odoratissimum;Viburnum carlesii x Viburnum macrocephalum;Viburnum burejaeticum;Viburnum schensianum;Viburnum farreri;Viburnum dilatatum;Viburnum japonicum;Viburnum chinshanense;Viburnum acerifolium;Viburnum molle;Viburnum dentatum;Viburnum tinus;Viburnum plicatum;Viburnum lentago;Viburnum amplificatum;Viburnum grandiflorum
3	NC_056999	2801951	Aralia atropurpurea	Araliaceae	4050	family	Panax ginseng;Eleutherococcus senticosus;Aralia undulata;Metapanax delavayi;Heptapleurum delavayi;Kalopanax septemlobus;Panax notoginseng;Dendropanax dentigerus;Panax quinquefolius;Dendropanax morbifer;Fatsia japonica;Panax japonicus;Panax vietnamensis;Heptapleurum heptaphyllum;Panax stipuleanatus;Aralia cordata;Aralia continentalis;Panax japonicus var. bipinnatifidus;Panax wangianus;Panax zingiberensis;Cheirodendron bastardianum;Raukaua anomalus;Raukaua edgerleyi;Raukaua simplex;Heptapleurum actinophyllum;Eleutherococcus brachypus;Eleutherococcus trifoliatus;Dendropanax oligodontus;Panax major;Aralia atropurpurea;Panax pseudoginseng var. elegantior;Eleutherococcus henryi;Eleutherococcus eleutheristylus;Eleutherococcus giraldii;Eleutherococcus sessiliflorus;Brassaiopsis angustifolia;Hedera nepalensis;Aralia elata;Aralia echinocaulis;Aralia caesia;Hedera helix;Trevesia palmata;Oreopanax guatemalensis;Oplopanax elatus;Polyscias fruticosa;Heptapleurum arboricola;Aralia thomsonii;Brassaiopsis tripteris
0	NC_057163	237933	Viburnum dilatatum	Viburnum	4204	genus	Viburnum utile;Viburnum betulifolium;Viburnum brachybotryum;Viburnum odoratissimum;Viburnum carlesii x Viburnum macrocephalum;Viburnum burejaeticum;Viburnum schensianum;Viburnum farreri;Viburnum dilatatum;Viburnum japonicum;Viburnum chinshanense;Viburnum acerifolium;Viburnum molle;Viburnum dentatum;Viburnum tinus;Viburnum plicatum;Viburnum lentago;Viburnum amplificatum;Viburnum grandiflorum
3	NC_062082	229542	Panax pseudoginseng var. elegantior	Araliaceae	4050	family	Panax ginseng;Eleutherococcus senticosus;Aralia undulata;Metapanax delavayi;Heptapleurum delavayi;Kalopanax septemlobus;Panax notoginseng;Dendropanax dentigerus;Panax quinquefolius;Dendropanax morbifer;Fatsia japonica;Panax japonicus;Panax vietnamensis;Heptapleurum heptaphyllum;Panax stipuleanatus;Aralia cordata;Aralia continentalis;Panax japonicus var. bipinnatifidus;Panax wangianus;Panax zingiberensis;Cheirodendron bastardianum;Raukaua anomalus;Raukaua edgerleyi;Raukaua simplex;Heptapleurum actinophyllum;Eleutherococcus brachypus;Eleutherococcus trifoliatus;Dendropanax oligodontus;Panax major;Aralia atropurpurea;Panax pseudoginseng var. elegantior;Eleutherococcus henryi;Eleutherococcus eleutheristylus;Eleutherococcus giraldii;Eleutherococcus sessiliflorus;Brassaiopsis angustifolia;Hedera nepalensis;Aralia elata;Aralia echinocaulis;Aralia caesia;Hedera helix;Trevesia palmata;Oreopanax guatemalensis;Oplopanax elatus;Polyscias fruticosa;Heptapleurum arboricola;Aralia thomsonii;Brassaiopsis tripteris
3	NC_062719	2708237	Eleutherococcus henryi	Araliaceae	4050	family	Panax ginseng;Eleutherococcus senticosus;Aralia undulata;Metapanax delavayi;Heptapleurum delavayi;Kalopanax septemlobus;Panax notoginseng;Dendropanax dentigerus;Panax quinquefolius;Dendropanax morbifer;Fatsia japonica;Panax japonicus;Panax vietnamensis;Heptapleurum heptaphyllum;Panax stipuleanatus;Aralia cordata;Aralia continentalis;Panax japonicus var. bipinnatifidus;Panax wangianus;Panax zingiberensis;Cheirodendron bastardianum;Raukaua anomalus;Raukaua edgerleyi;Raukaua simplex;Heptapleurum actinophyllum;Eleutherococcus brachypus;Eleutherococcus trifoliatus;Dendropanax oligodontus;Panax major;Aralia atropurpurea;Panax pseudoginseng var. elegantior;Eleutherococcus henryi;Eleutherococcus eleutheristylus;Eleutherococcus giraldii;Eleutherococcus sessiliflorus;Brassaiopsis angustifolia;Hedera nepalensis;Aralia elata;Aralia echinocaulis;Aralia caesia;Hedera helix;Trevesia palmata;Oreopanax guatemalensis;Oplopanax elatus;Polyscias fruticosa;Heptapleurum arboricola;Aralia thomsonii;Brassaiopsis tripteris
3	NC_062720	2932491	Eleutherococcus eleutheristylus	Araliaceae	4050	family	Panax ginseng;Eleutherococcus senticosus;Aralia undulata;Metapanax delavayi;Heptapleurum delavayi;Kalopanax septemlobus;Panax notoginseng;Dendropanax dentigerus;Panax quinquefolius;Dendropanax morbifer;Fatsia japonica;Panax japonicus;Panax vietnamensis;Heptapleurum heptaphyllum;Panax stipuleanatus;Aralia cordata;Aralia continentalis;Panax japonicus var. bipinnatifidus;Panax wangianus;Panax zingiberensis;Cheirodendron bastardianum;Raukaua anomalus;Raukaua edgerleyi;Raukaua simplex;Heptapleurum actinophyllum;Eleutherococcus brachypus;Eleutherococcus trifoliatus;Dendropanax oligodontus;Panax major;Aralia atropurpurea;Panax pseudoginseng var. elegantior;Eleutherococcus henryi;Eleutherococcus eleutheristylus;Eleutherococcus giraldii;Eleutherococcus sessiliflorus;Brassaiopsis angustifolia;Hedera nepalensis;Aralia elata;Aralia echinocaulis;Aralia caesia;Hedera helix;Trevesia palmata;Oreopanax guatemalensis;Oplopanax elatus;Polyscias fruticosa;Heptapleurum arboricola;Aralia thomsonii;Brassaiopsis tripteris
3	NC_062723	265763	Eleutherococcus giraldii	Araliaceae	4050	family	Panax ginseng;Eleutherococcus senticosus;Aralia undulata;Metapanax delavayi;Heptapleurum delavayi;Kalopanax septemlobus;Panax notoginseng;Dendropanax dentigerus;Panax quinquefolius;Dendropanax morbifer;Fatsia japonica;Panax japonicus;Panax vietnamensis;Heptapleurum heptaphyllum;Panax stipuleanatus;Aralia cordata;Aralia continentalis;Panax japonicus var. bipinnatifidus;Panax wangianus;Panax zingiberensis;Cheirodendron bastardianum;Raukaua anomalus;Raukaua edgerleyi;Raukaua simplex;Heptapleurum actinophyllum;Eleutherococcus brachypus;Eleutherococcus trifoliatus;Dendropanax oligodontus;Panax major;Aralia atropurpurea;Panax pseudoginseng var. elegantior;Eleutherococcus henryi;Eleutherococcus eleutheristylus;Eleutherococcus giraldii;Eleutherococcus sessiliflorus;Brassaiopsis angustifolia;Hedera nepalensis;Aralia elata;Aralia echinocaulis;Aralia caesia;Hedera helix;Trevesia palmata;Oreopanax guatemalensis;Oplopanax elatus;Polyscias fruticosa;Heptapleurum arboricola;Aralia thomsonii;Brassaiopsis tripteris
3	NC_064364	105886	Eleutherococcus sessiliflorus	Araliaceae	4050	family	Panax ginseng;Eleutherococcus senticosus;Aralia undulata;Metapanax delavayi;Heptapleurum delavayi;Kalopanax septemlobus;Panax notoginseng;Dendropanax dentigerus;Panax quinquefolius;Dendropanax morbifer;Fatsia japonica;Panax japonicus;Panax vietnamensis;Heptapleurum heptaphyllum;Panax stipuleanatus;Aralia cordata;Aralia continentalis;Panax japonicus var. bipinnatifidus;Panax wangianus;Panax zingiberensis;Cheirodendron bastardianum;Raukaua anomalus;Raukaua edgerleyi;Raukaua simplex;Heptapleurum actinophyllum;Eleutherococcus brachypus;Eleutherococcus trifoliatus;Dendropanax oligodontus;Panax major;Aralia atropurpurea;Panax pseudoginseng var. elegantior;Eleutherococcus henryi;Eleutherococcus eleutheristylus;Eleutherococcus giraldii;Eleutherococcus sessiliflorus;Brassaiopsis angustifolia;Hedera nepalensis;Aralia elata;Aralia echinocaulis;Aralia caesia;Hedera helix;Trevesia palmata;Oreopanax guatemalensis;Oplopanax elatus;Polyscias fruticosa;Heptapleurum arboricola;Aralia thomsonii;Brassaiopsis tripteris
3	NC_065370	2892398	Brassaiopsis angustifolia	Araliaceae	4050	family	Panax ginseng;Eleutherococcus senticosus;Aralia undulata;Metapanax delavayi;Heptapleurum delavayi;Kalopanax septemlobus;Panax notoginseng;Dendropanax dentigerus;Panax quinquefolius;Dendropanax morbifer;Fatsia japonica;Panax japonicus;Panax vietnamensis;Heptapleurum heptaphyllum;Panax stipuleanatus;Aralia cordata;Aralia continentalis;Panax japonicus var. bipinnatifidus;Panax wangianus;Panax zingiberensis;Cheirodendron bastardianum;Raukaua anomalus;Raukaua edgerleyi;Raukaua simplex;Heptapleurum actinophyllum;Eleutherococcus brachypus;Eleutherococcus trifoliatus;Dendropanax oligodontus;Panax major;Aralia atropurpurea;Panax pseudoginseng var. elegantior;Eleutherococcus henryi;Eleutherococcus eleutheristylus;Eleutherococcus giraldii;Eleutherococcus sessiliflorus;Brassaiopsis angustifolia;Hedera nepalensis;Aralia elata;Aralia echinocaulis;Aralia caesia;Hedera helix;Trevesia palmata;Oreopanax guatemalensis;Oplopanax elatus;Polyscias fruticosa;Heptapleurum arboricola;Aralia thomsonii;Brassaiopsis tripteris
1	NC_066018	28503	Sambucus ebulus	Sambucus	4201	genus	Sambucus williamsii;Sambucus nigra;Sambucus javanica;Sambucus adnata;Sambucus ebulus;Sambucus canadensis;Sambucus mexicana
3	NC_069225	85358	Hedera nepalensis	Araliaceae	4050	family	Panax ginseng;Eleutherococcus senticosus;Aralia undulata;Metapanax delavayi;Heptapleurum delavayi;Kalopanax septemlobus;Panax notoginseng;Dendropanax dentigerus;Panax quinquefolius;Dendropanax morbifer;Fatsia japonica;Panax japonicus;Panax vietnamensis;Heptapleurum heptaphyllum;Panax stipuleanatus;Aralia cordata;Aralia continentalis;Panax japonicus var. bipinnatifidus;Panax wangianus;Panax zingiberensis;Cheirodendron bastardianum;Raukaua anomalus;Raukaua edgerleyi;Raukaua simplex;Heptapleurum actinophyllum;Eleutherococcus brachypus;Eleutherococcus trifoliatus;Dendropanax oligodontus;Panax major;Aralia atropurpurea;Panax pseudoginseng var. elegantior;Eleutherococcus henryi;Eleutherococcus eleutheristylus;Eleutherococcus giraldii;Eleutherococcus sessiliflorus;Brassaiopsis angustifolia;Hedera nepalensis;Aralia elata;Aralia echinocaulis;Aralia caesia;Hedera helix;Trevesia palmata;Oreopanax guatemalensis;Oplopanax elatus;Polyscias fruticosa;Heptapleurum arboricola;Aralia thomsonii;Brassaiopsis tripteris
3	NC_069842	82095	Aralia elata	Araliaceae	4050	family	Panax ginseng;Eleutherococcus senticosus;Aralia undulata;Metapanax delavayi;Heptapleurum delavayi;Kalopanax septemlobus;Panax notoginseng;Dendropanax dentigerus;Panax quinquefolius;Dendropanax morbifer;Fatsia japonica;Panax japonicus;Panax vietnamensis;Heptapleurum heptaphyllum;Panax stipuleanatus;Aralia cordata;Aralia continentalis;Panax japonicus var. bipinnatifidus;Panax wangianus;Panax zingiberensis;Cheirodendron bastardianum;Raukaua anomalus;Raukaua edgerleyi;Raukaua simplex;Heptapleurum actinophyllum;Eleutherococcus brachypus;Eleutherococcus trifoliatus;Dendropanax oligodontus;Panax major;Aralia atropurpurea;Panax pseudoginseng var. elegantior;Eleutherococcus henryi;Eleutherococcus eleutheristylus;Eleutherococcus giraldii;Eleutherococcus sessiliflorus;Brassaiopsis angustifolia;Hedera nepalensis;Aralia elata;Aralia echinocaulis;Aralia caesia;Hedera helix;Trevesia palmata;Oreopanax guatemalensis;Oplopanax elatus;Polyscias fruticosa;Heptapleurum arboricola;Aralia thomsonii;Brassaiopsis tripteris
3	NC_069843	137939	Aralia echinocaulis	Araliaceae	4050	family	Panax ginseng;Eleutherococcus senticosus;Aralia undulata;Metapanax delavayi;Heptapleurum delavayi;Kalopanax septemlobus;Panax notoginseng;Dendropanax dentigerus;Panax quinquefolius;Dendropanax morbifer;Fatsia japonica;Panax japonicus;Panax vietnamensis;Heptapleurum heptaphyllum;Panax stipuleanatus;Aralia cordata;Aralia continentalis;Panax japonicus var. bipinnatifidus;Panax wangianus;Panax zingiberensis;Cheirodendron bastardianum;Raukaua anomalus;Raukaua edgerleyi;Raukaua simplex;Heptapleurum actinophyllum;Eleutherococcus brachypus;Eleutherococcus trifoliatus;Dendropanax oligodontus;Panax major;Aralia atropurpurea;Panax pseudoginseng var. elegantior;Eleutherococcus henryi;Eleutherococcus eleutheristylus;Eleutherococcus giraldii;Eleutherococcus sessiliflorus;Brassaiopsis angustifolia;Hedera nepalensis;Aralia elata;Aralia echinocaulis;Aralia caesia;Hedera helix;Trevesia palmata;Oreopanax guatemalensis;Oplopanax elatus;Polyscias fruticosa;Heptapleurum arboricola;Aralia thomsonii;Brassaiopsis tripteris
3	NC_069844	2970449	Aralia caesia	Araliaceae	4050	family	Panax ginseng;Eleutherococcus senticosus;Aralia undulata;Metapanax delavayi;Heptapleurum delavayi;Kalopanax septemlobus;Panax notoginseng;Dendropanax dentigerus;Panax quinquefolius;Dendropanax morbifer;Fatsia japonica;Panax japonicus;Panax vietnamensis;Heptapleurum heptaphyllum;Panax stipuleanatus;Aralia cordata;Aralia continentalis;Panax japonicus var. bipinnatifidus;Panax wangianus;Panax zingiberensis;Cheirodendron bastardianum;Raukaua anomalus;Raukaua edgerleyi;Raukaua simplex;Heptapleurum actinophyllum;Eleutherococcus brachypus;Eleutherococcus trifoliatus;Dendropanax oligodontus;Panax major;Aralia atropurpurea;Panax pseudoginseng var. elegantior;Eleutherococcus henryi;Eleutherococcus eleutheristylus;Eleutherococcus giraldii;Eleutherococcus sessiliflorus;Brassaiopsis angustifolia;Hedera nepalensis;Aralia elata;Aralia echinocaulis;Aralia caesia;Hedera helix;Trevesia palmata;Oreopanax guatemalensis;Oplopanax elatus;Polyscias fruticosa;Heptapleurum arboricola;Aralia thomsonii;Brassaiopsis tripteris
3	NC_070394	4052	Hedera helix	Araliaceae	4050	family	Panax ginseng;Eleutherococcus senticosus;Aralia undulata;Metapanax delavayi;Heptapleurum delavayi;Kalopanax septemlobus;Panax notoginseng;Dendropanax dentigerus;Panax quinquefolius;Dendropanax morbifer;Fatsia japonica;Panax japonicus;Panax vietnamensis;Heptapleurum heptaphyllum;Panax stipuleanatus;Aralia cordata;Aralia continentalis;Panax japonicus var. bipinnatifidus;Panax wangianus;Panax zingiberensis;Cheirodendron bastardianum;Raukaua anomalus;Raukaua edgerleyi;Raukaua simplex;Heptapleurum actinophyllum;Eleutherococcus brachypus;Eleutherococcus trifoliatus;Dendropanax oligodontus;Panax major;Aralia atropurpurea;Panax pseudoginseng var. elegantior;Eleutherococcus henryi;Eleutherococcus eleutheristylus;Eleutherococcus giraldii;Eleutherococcus sessiliflorus;Brassaiopsis angustifolia;Hedera nepalensis;Aralia elata;Aralia echinocaulis;Aralia caesia;Hedera helix;Trevesia palmata;Oreopanax guatemalensis;Oplopanax elatus;Polyscias fruticosa;Heptapleurum arboricola;Aralia thomsonii;Brassaiopsis tripteris
0	NC_072552	237942	Viburnum japonicum	Viburnum	4204	genus	Viburnum utile;Viburnum betulifolium;Viburnum brachybotryum;Viburnum odoratissimum;Viburnum carlesii x Viburnum macrocephalum;Viburnum burejaeticum;Viburnum schensianum;Viburnum farreri;Viburnum dilatatum;Viburnum japonicum;Viburnum chinshanense;Viburnum acerifolium;Viburnum molle;Viburnum dentatum;Viburnum tinus;Viburnum plicatum;Viburnum lentago;Viburnum amplificatum;Viburnum grandiflorum
0	NC_072570	2291176	Viburnum chinshanense	Viburnum	4204	genus	Viburnum utile;Viburnum betulifolium;Viburnum brachybotryum;Viburnum odoratissimum;Viburnum carlesii x Viburnum macrocephalum;Viburnum burejaeticum;Viburnum schensianum;Viburnum farreri;Viburnum dilatatum;Viburnum japonicum;Viburnum chinshanense;Viburnum acerifolium;Viburnum molle;Viburnum dentatum;Viburnum tinus;Viburnum plicatum;Viburnum lentago;Viburnum amplificatum;Viburnum grandiflorum
3	NC_073016	46421	Trevesia palmata	Araliaceae	4050	family	Panax ginseng;Eleutherococcus senticosus;Aralia undulata;Metapanax delavayi;Heptapleurum delavayi;Kalopanax septemlobus;Panax notoginseng;Dendropanax dentigerus;Panax quinquefolius;Dendropanax morbifer;Fatsia japonica;Panax japonicus;Panax vietnamensis;Heptapleurum heptaphyllum;Panax stipuleanatus;Aralia cordata;Aralia continentalis;Panax japonicus var. bipinnatifidus;Panax wangianus;Panax zingiberensis;Cheirodendron bastardianum;Raukaua anomalus;Raukaua edgerleyi;Raukaua simplex;Heptapleurum actinophyllum;Eleutherococcus brachypus;Eleutherococcus trifoliatus;Dendropanax oligodontus;Panax major;Aralia atropurpurea;Panax pseudoginseng var. elegantior;Eleutherococcus henryi;Eleutherococcus eleutheristylus;Eleutherococcus giraldii;Eleutherococcus sessiliflorus;Brassaiopsis angustifolia;Hedera nepalensis;Aralia elata;Aralia echinocaulis;Aralia caesia;Hedera helix;Trevesia palmata;Oreopanax guatemalensis;Oplopanax elatus;Polyscias fruticosa;Heptapleurum arboricola;Aralia thomsonii;Brassaiopsis tripteris
1	NC_081463	57008	Sambucus canadensis	Sambucus	4201	genus	Sambucus williamsii;Sambucus nigra;Sambucus javanica;Sambucus adnata;Sambucus ebulus;Sambucus canadensis;Sambucus mexicana
3	NC_084332	2951918	Oreopanax guatemalensis	Araliaceae	4050	family	Panax ginseng;Eleutherococcus senticosus;Aralia undulata;Metapanax delavayi;Heptapleurum delavayi;Kalopanax septemlobus;Panax notoginseng;Dendropanax dentigerus;Panax quinquefolius;Dendropanax morbifer;Fatsia japonica;Panax japonicus;Panax vietnamensis;Heptapleurum heptaphyllum;Panax stipuleanatus;Aralia cordata;Aralia continentalis;Panax japonicus var. bipinnatifidus;Panax wangianus;Panax zingiberensis;Cheirodendron bastardianum;Raukaua anomalus;Raukaua edgerleyi;Raukaua simplex;Heptapleurum actinophyllum;Eleutherococcus brachypus;Eleutherococcus trifoliatus;Dendropanax oligodontus;Panax major;Aralia atropurpurea;Panax pseudoginseng var. elegantior;Eleutherococcus henryi;Eleutherococcus eleutheristylus;Eleutherococcus giraldii;Eleutherococcus sessiliflorus;Brassaiopsis angustifolia;Hedera nepalensis;Aralia elata;Aralia echinocaulis;Aralia caesia;Hedera helix;Trevesia palmata;Oreopanax guatemalensis;Oplopanax elatus;Polyscias fruticosa;Heptapleurum arboricola;Aralia thomsonii;Brassaiopsis tripteris
0	NC_084405	4205	Viburnum acerifolium	Viburnum	4204	genus	Viburnum utile;Viburnum betulifolium;Viburnum brachybotryum;Viburnum odoratissimum;Viburnum carlesii x Viburnum macrocephalum;Viburnum burejaeticum;Viburnum schensianum;Viburnum farreri;Viburnum dilatatum;Viburnum japonicum;Viburnum chinshanense;Viburnum acerifolium;Viburnum molle;Viburnum dentatum;Viburnum tinus;Viburnum plicatum;Viburnum lentago;Viburnum amplificatum;Viburnum grandiflorum
4	NC_085752	48106	Centella asiatica	Centella asiatica	48106	species	Centella asiatica
3	NC_085753	228659	Oplopanax elatus	Araliaceae	4050	family	Panax ginseng;Eleutherococcus senticosus;Aralia undulata;Metapanax delavayi;Heptapleurum delavayi;Kalopanax septemlobus;Panax notoginseng;Dendropanax dentigerus;Panax quinquefolius;Dendropanax morbifer;Fatsia japonica;Panax japonicus;Panax vietnamensis;Heptapleurum heptaphyllum;Panax stipuleanatus;Aralia cordata;Aralia continentalis;Panax japonicus var. bipinnatifidus;Panax wangianus;Panax zingiberensis;Cheirodendron bastardianum;Raukaua anomalus;Raukaua edgerleyi;Raukaua simplex;Heptapleurum actinophyllum;Eleutherococcus brachypus;Eleutherococcus trifoliatus;Dendropanax oligodontus;Panax major;Aralia atropurpurea;Panax pseudoginseng var. elegantior;Eleutherococcus henryi;Eleutherococcus eleutheristylus;Eleutherococcus giraldii;Eleutherococcus sessiliflorus;Brassaiopsis angustifolia;Hedera nepalensis;Aralia elata;Aralia echinocaulis;Aralia caesia;Hedera helix;Trevesia palmata;Oreopanax guatemalensis;Oplopanax elatus;Polyscias fruticosa;Heptapleurum arboricola;Aralia thomsonii;Brassaiopsis tripteris
3	NC_085754	50308	Polyscias fruticosa	Araliaceae	4050	family	Panax ginseng;Eleutherococcus senticosus;Aralia undulata;Metapanax delavayi;Heptapleurum delavayi;Kalopanax septemlobus;Panax notoginseng;Dendropanax dentigerus;Panax quinquefolius;Dendropanax morbifer;Fatsia japonica;Panax japonicus;Panax vietnamensis;Heptapleurum heptaphyllum;Panax stipuleanatus;Aralia cordata;Aralia continentalis;Panax japonicus var. bipinnatifidus;Panax wangianus;Panax zingiberensis;Cheirodendron bastardianum;Raukaua anomalus;Raukaua edgerleyi;Raukaua simplex;Heptapleurum actinophyllum;Eleutherococcus brachypus;Eleutherococcus trifoliatus;Dendropanax oligodontus;Panax major;Aralia atropurpurea;Panax pseudoginseng var. elegantior;Eleutherococcus henryi;Eleutherococcus eleutheristylus;Eleutherococcus giraldii;Eleutherococcus sessiliflorus;Brassaiopsis angustifolia;Hedera nepalensis;Aralia elata;Aralia echinocaulis;Aralia caesia;Hedera helix;Trevesia palmata;Oreopanax guatemalensis;Oplopanax elatus;Polyscias fruticosa;Heptapleurum arboricola;Aralia thomsonii;Brassaiopsis tripteris
3	NC_085755	46415	Heptapleurum arboricola	Araliaceae	4050	family	Panax ginseng;Eleutherococcus senticosus;Aralia undulata;Metapanax delavayi;Heptapleurum delavayi;Kalopanax septemlobus;Panax notoginseng;Dendropanax dentigerus;Panax quinquefolius;Dendropanax morbifer;Fatsia japonica;Panax japonicus;Panax vietnamensis;Heptapleurum heptaphyllum;Panax stipuleanatus;Aralia cordata;Aralia continentalis;Panax japonicus var. bipinnatifidus;Panax wangianus;Panax zingiberensis;Cheirodendron bastardianum;Raukaua anomalus;Raukaua edgerleyi;Raukaua simplex;Heptapleurum actinophyllum;Eleutherococcus brachypus;Eleutherococcus trifoliatus;Dendropanax oligodontus;Panax major;Aralia atropurpurea;Panax pseudoginseng var. elegantior;Eleutherococcus henryi;Eleutherococcus eleutheristylus;Eleutherococcus giraldii;Eleutherococcus sessiliflorus;Brassaiopsis angustifolia;Hedera nepalensis;Aralia elata;Aralia echinocaulis;Aralia caesia;Hedera helix;Trevesia palmata;Oreopanax guatemalensis;Oplopanax elatus;Polyscias fruticosa;Heptapleurum arboricola;Aralia thomsonii;Brassaiopsis tripteris
0	NC_086516	237949	Viburnum molle	Viburnum	4204	genus	Viburnum utile;Viburnum betulifolium;Viburnum brachybotryum;Viburnum odoratissimum;Viburnum carlesii x Viburnum macrocephalum;Viburnum burejaeticum;Viburnum schensianum;Viburnum farreri;Viburnum dilatatum;Viburnum japonicum;Viburnum chinshanense;Viburnum acerifolium;Viburnum molle;Viburnum dentatum;Viburnum tinus;Viburnum plicatum;Viburnum lentago;Viburnum amplificatum;Viburnum grandiflorum
1	NC_086590	1053966	Sambucus mexicana	Sambucus	4201	genus	Sambucus williamsii;Sambucus nigra;Sambucus javanica;Sambucus adnata;Sambucus ebulus;Sambucus canadensis;Sambucus mexicana
0	NC_086692	61589	Viburnum dentatum	Viburnum	4204	genus	Viburnum utile;Viburnum betulifolium;Viburnum brachybotryum;Viburnum odoratissimum;Viburnum carlesii x Viburnum macrocephalum;Viburnum burejaeticum;Viburnum schensianum;Viburnum farreri;Viburnum dilatatum;Viburnum japonicum;Viburnum chinshanense;Viburnum acerifolium;Viburnum molle;Viburnum dentatum;Viburnum tinus;Viburnum plicatum;Viburnum lentago;Viburnum amplificatum;Viburnum grandiflorum
0	NC_086693	237959	Viburnum tinus	Viburnum	4204	genus	Viburnum utile;Viburnum betulifolium;Viburnum brachybotryum;Viburnum odoratissimum;Viburnum carlesii x Viburnum macrocephalum;Viburnum burejaeticum;Viburnum schensianum;Viburnum farreri;Viburnum dilatatum;Viburnum japonicum;Viburnum chinshanense;Viburnum acerifolium;Viburnum molle;Viburnum dentatum;Viburnum tinus;Viburnum plicatum;Viburnum lentago;Viburnum amplificatum;Viburnum grandiflorum
0	NC_086694	179996	Viburnum plicatum	Viburnum	4204	genus	Viburnum utile;Viburnum betulifolium;Viburnum brachybotryum;Viburnum odoratissimum;Viburnum carlesii x Viburnum macrocephalum;Viburnum burejaeticum;Viburnum schensianum;Viburnum farreri;Viburnum dilatatum;Viburnum japonicum;Viburnum chinshanense;Viburnum acerifolium;Viburnum molle;Viburnum dentatum;Viburnum tinus;Viburnum plicatum;Viburnum lentago;Viburnum amplificatum;Viburnum grandiflorum
0	NC_086695	61590	Viburnum lentago	Viburnum	4204	genus	Viburnum utile;Viburnum betulifolium;Viburnum brachybotryum;Viburnum odoratissimum;Viburnum carlesii x Viburnum macrocephalum;Viburnum burejaeticum;Viburnum schensianum;Viburnum farreri;Viburnum dilatatum;Viburnum japonicum;Viburnum chinshanense;Viburnum acerifolium;Viburnum molle;Viburnum dentatum;Viburnum tinus;Viburnum plicatum;Viburnum lentago;Viburnum amplificatum;Viburnum grandiflorum
0	NC_086696	1127633	Viburnum amplificatum	Viburnum	4204	genus	Viburnum utile;Viburnum betulifolium;Viburnum brachybotryum;Viburnum odoratissimum;Viburnum carlesii x Viburnum macrocephalum;Viburnum burejaeticum;Viburnum schensianum;Viburnum farreri;Viburnum dilatatum;Viburnum japonicum;Viburnum chinshanense;Viburnum acerifolium;Viburnum molle;Viburnum dentatum;Viburnum tinus;Viburnum plicatum;Viburnum lentago;Viburnum amplificatum;Viburnum grandiflorum
0	NC_086697	1444320	Viburnum grandiflorum	Viburnum	4204	genus	Viburnum utile;Viburnum betulifolium;Viburnum brachybotryum;Viburnum odoratissimum;Viburnum carlesii x Viburnum macrocephalum;Viburnum burejaeticum;Viburnum schensianum;Viburnum farreri;Viburnum dilatatum;Viburnum japonicum;Viburnum chinshanense;Viburnum acerifolium;Viburnum molle;Viburnum dentatum;Viburnum tinus;Viburnum plicatum;Viburnum lentago;Viburnum amplificatum;Viburnum grandiflorum
3	NC_086867	330647	Aralia thomsonii	Araliaceae	4050	family	Panax ginseng;Eleutherococcus senticosus;Aralia undulata;Metapanax delavayi;Heptapleurum delavayi;Kalopanax septemlobus;Panax notoginseng;Dendropanax dentigerus;Panax quinquefolius;Dendropanax morbifer;Fatsia japonica;Panax japonicus;Panax vietnamensis;Heptapleurum heptaphyllum;Panax stipuleanatus;Aralia cordata;Aralia continentalis;Panax japonicus var. bipinnatifidus;Panax wangianus;Panax zingiberensis;Cheirodendron bastardianum;Raukaua anomalus;Raukaua edgerleyi;Raukaua simplex;Heptapleurum actinophyllum;Eleutherococcus brachypus;Eleutherococcus trifoliatus;Dendropanax oligodontus;Panax major;Aralia atropurpurea;Panax pseudoginseng var. elegantior;Eleutherococcus henryi;Eleutherococcus eleutheristylus;Eleutherococcus giraldii;Eleutherococcus sessiliflorus;Brassaiopsis angustifolia;Hedera nepalensis;Aralia elata;Aralia echinocaulis;Aralia caesia;Hedera helix;Trevesia palmata;Oreopanax guatemalensis;Oplopanax elatus;Polyscias fruticosa;Heptapleurum arboricola;Aralia thomsonii;Brassaiopsis tripteris
3	NC_088755	228392	Brassaiopsis tripteris	Araliaceae	4050	family	Panax ginseng;Eleutherococcus senticosus;Aralia undulata;Metapanax delavayi;Heptapleurum delavayi;Kalopanax septemlobus;Panax notoginseng;Dendropanax dentigerus;Panax quinquefolius;Dendropanax morbifer;Fatsia japonica;Panax japonicus;Panax vietnamensis;Heptapleurum heptaphyllum;Panax stipuleanatus;Aralia cordata;Aralia continentalis;Panax japonicus var. bipinnatifidus;Panax wangianus;Panax zingiberensis;Cheirodendron bastardianum;Raukaua anomalus;Raukaua edgerleyi;Raukaua simplex;Heptapleurum actinophyllum;Eleutherococcus brachypus;Eleutherococcus trifoliatus;Dendropanax oligodontus;Panax major;Aralia atropurpurea;Panax pseudoginseng var. elegantior;Eleutherococcus henryi;Eleutherococcus eleutheristylus;Eleutherococcus giraldii;Eleutherococcus sessiliflorus;Brassaiopsis angustifolia;Hedera nepalensis;Aralia elata;Aralia echinocaulis;Aralia caesia;Hedera helix;Trevesia palmata;Oreopanax guatemalensis;Oplopanax elatus;Polyscias fruticosa;Heptapleurum arboricola;Aralia thomsonii;Brassaiopsis tripteris
