German name	lat.	taxid	taxonomic_rank	Grundlage
Tee	Camellia sinensis	4442	species	LFGB Leitsätze Tee
Anis	Pimpinella anisum	271192	species	LFGB Leitsätze Tee - Pflanzen
Apfel	Malus domestica	3750	species	LFGB Leitsätze Tee - Pflanzen
Apfel	Malus sylvestris	3752	species	LFGB Leitsätze Tee - Pflanzen
Apfelminze	Mentha suaveolens	38860	species	LFGB Leitsätze Tee - Pflanzen
Aronia	Aronia melanocarpa	661339	species	LFGB Leitsätze Tee - Pflanzen
Griechisches Eisenkraut	Sideritis spp.	155231	genus	LFGB Leitsätze Tee - Pflanzen
Brennnessel	Urtica spp.	3500	genus	LFGB Leitsätze Tee - Pflanzen
Brombeere	Rubus fruticosus	211815	species	LFGB Leitsätze Tee - Pflanzen
Brombeere, süß	Rubus chingii	714495	species	LFGB Leitsätze Tee - Pflanzen
Cranberry	Vaccinium macrocarpon	13750	species	LFGB Leitsätze Tee - Pflanzen
Erdbeere	Fragaria x ananassa 	3747	species	LFGB Leitsätze Tee - Pflanzen
Eukalyptus	Eucalyptus globulus	34317	species	LFGB Leitsätze Tee - Pflanzen
Färberdistel/Saflor	Carthamus tinctorius	4222	species	LFGB Leitsätze Tee - Pflanzen
Fenchel	Foeniculum vulgare	2849586	species	LFGB Leitsätze Tee - Pflanzen
Gänseblümchen	Bellis perennis	41492	species	LFGB Leitsätze Tee - Pflanzen
Ginkgo	Ginkgo biloba	3311	species	LFGB Leitsätze Tee - Pflanzen
Ginseng	Panax ginseng	4054	species	LFGB Leitsätze Tee - Pflanzen
Grapefruit	Citrus paradisi	37656	species	LFGB Leitsätze Tee - Pflanzen
Hagebutte	Rosa canina	74635	species	LFGB Leitsätze Tee - Pflanzen
Haselnuss	Corylus avellana	13451	species	LFGB Leitsätze Tee - Pflanzen
Heidelbeere, Blaubeere	Vaccinium myrtillus	180763	species	LFGB Leitsätze Tee - Pflanzen
Hibiskus	Hibiscus sabdariffa	183260	species	LFGB Leitsätze Tee - Pflanzen
Himbeere	Rubus idaeus	32247	species	LFGB Leitsätze Tee - Pflanzen
Holunder	Sambucus nigra	4202	species	LFGB Leitsätze Tee - Pflanzen
Honigbusch	Cyclopia genistoides	70073	species	LFGB Leitsätze Tee - Pflanzen
Honigbusch	Cyclopia intermedia	384038	species	LFGB Leitsätze Tee - Pflanzen
Honigbusch	Cyclopia sessiliflora	337842	species	LFGB Leitsätze Tee - Pflanzen
Honigbusch	Cyclopia subternata	155109	species	LFGB Leitsätze Tee - Pflanzen
Ingwer	Zingiber officinale	94328	species	LFGB Leitsätze Tee - Pflanzen
Jasmin	Jasminum officinale	126433	species	LFGB Leitsätze Tee - Pflanzen
Johannisbeere	Ribes nigrum	78511	species	LFGB Leitsätze Tee - Pflanzen
Kamille	Matricaria recutita	127986	varietas	LFGB Leitsätze Tee - Pflanzen
Katzenpfötchen	Helichrysum arenarium	261776	species	LFGB Leitsätze Tee - Pflanzen
Kornblume	Centaurea cyanus	41522	species	LFGB Leitsätze Tee - Pflanzen
Krauseminze/Minze	Mentha spicata	29719	species	LFGB Leitsätze Tee - Pflanzen
Kulturheidelbeere	Vaccinium corymbosum	69266	species	LFGB Leitsätze Tee - Pflanzen
Limette/Limone	Citrus x aurantiifolia	159033	species	LFGB Leitsätze Tee - Pflanzen
Linde	Tilia cordata	172266	species	LFGB Leitsätze Tee - Pflanzen
Linde	Tilia platyphyllos	82423	species	LFGB Leitsätze Tee - Pflanzen
Linde	Tilia tomentosa	121718	species	LFGB Leitsätze Tee - Pflanzen
Löwenzahn	Taraxacum officinale	50225	species	LFGB Leitsätze Tee - Pflanzen
Malve	Malva sylvestris	145754	species	LFGB Leitsätze Tee - Pflanzen
Mandarine	Citrus reticulata	85571	species	LFGB Leitsätze Tee - Pflanzen
Märzveilchen	Viola odorata	97441	species	LFGB Leitsätze Tee - Pflanzen
Melisse	Melissa officinalis	39338	species	LFGB Leitsätze Tee - Pflanzen
Orange	Citrus sinensis	2711	species	LFGB Leitsätze Tee - Pflanzen
Pfefferminze	Mentha x piperita	34256	species	LFGB Leitsätze Tee - Pflanzen
Pfingstrose	Paeonia officinalis	69717	species	LFGB Leitsätze Tee - Pflanzen
Pomeranze	Citrus aurantium	43166	species	LFGB Leitsätze Tee - Pflanzen
Ringelblume	Calendula officinalis	41496	species	LFGB Leitsätze Tee - Pflanzen
Rittersporn	Consolida regalis	984867	species	LFGB Leitsätze Tee - Pflanzen
Rooibos/Rotbusch	Aspalathus linearis	155124	species	LFGB Leitsätze Tee - Pflanzen
Rose	Rosa spp.	3764	genus	LFGB Leitsätze Tee - Pflanzen
Salbei	Salvia officinalis	38868	species	LFGB Leitsätze Tee - Pflanzen
Sanddorn	Hippophae rhamnoides	193516	species	LFGB Leitsätze Tee - Pflanzen
Sonnenblume	Helianthus annuus	4232	species	LFGB Leitsätze Tee - Pflanzen
Stiefmütterchen	Viola tricolor	214053	species	LFGB Leitsätze Tee - Pflanzen
Stevia	Stevia rebaudiana	55670	species	LFGB Leitsätze Tee - Pflanzen
Süßholz	Glycyrrhiza glabra	49827	species	LFGB Leitsätze Tee - Pflanzen
Walnuss	Juglans regia	51240	species	LFGB Leitsätze Tee - Pflanzen
Zichorie	Cichorium intybus	13427	species	LFGB Leitsätze Tee - Pflanzen
Zitrone	Citrus x limon	2708	species	LFGB Leitsätze Tee - Pflanzen
Zitronengras	Cymbopogon spp.	66013	genus	LFGB Leitsätze Tee - Pflanzen
Zitronenverbene	Aloysia citriodora	925377	species	LFGB Leitsätze Tee - Pflanzen
Guarana	Paullinia cupana	392747	species	LFGB Leitsätze Tee - Koffeinhaltige
Kakao	Theobroma Cacao	3641	species	LFGB Leitsätze Tee - Koffeinhaltige
Kolanuss	Cola acuminata	93760	species	LFGB Leitsätze Tee - Koffeinhaltige
Kolanuss	Cola nitida	82457	species	LFGB Leitsätze Tee - Koffeinhaltige
Mate	Ilex paraguariensis	185542	species	LFGB Leitsätze Tee - Koffeinhaltige
Faulbaum	Rhamnus frangula	106677	species	VO 02006R1925:2025 Anhang III
Senna alexandrina	Senna alexandrina	72402	species	VO 02006R1925:2025 Anhang III
Zier Rhabarber	Rheum palmatum 	137221	species	VO 02006R1925:2025 Anhang III
Zier Rhabarber	Rheum officinale 	137220	species	VO 02006R1925:2025 Anhang III
Maulbeere 	Morus	3497	genus	Kontaminant
Acker-Schachtelhalm 	Equisetum arvense	3258	species	Kontaminant
Erica 	Erica	13509	genus	Kontaminant
Aprikosenkerne 	Prunus armeniaca	36596	species	Kontaminant
Olivenblätter	Olea europaea	4146	species	Kontaminant
Myrte	Myrtus communis	119949	species	Kontaminant
Ölweide	Elaeagnus angustifolia	36777	species	Kontaminant
Cashewnuss  	Anacardium occidentale	171929	species	Kontaminant
Anacardium occidentale	Rheum x hybrida	171929	species	Kontaminant
