KC420492.1	453
KY991520.1	457
KY991604.1	457
AY673071.1	462
AY673072.1	440
KY214927.1	440
KY215021.1	460
KY215022.1	460
KT004473.1	469
MG200158.1	440
KU244112.1	456
KU244113.1	456
KU244114.1	456
KU244127.1	455
KU244128.1	455
OP090096.1	451
KY991591.1	457
JF461346.1	472
JF461351.1	459
JF978639.1	470
JF978640.1	470
JF978641.1	470
JF978645.1	467
JF978646.1	467
JF978647.1	467
JF978648.1	466
JF978649.1	466
JF978652.1	466
JF978653.1	466
JF978654.1	466
JF978657.1	468
JF978658.1	468
JF978659.1	468
JF978663.1	467
JF978664.1	467
JF978665.1	467
JF978666.1	467
JF978667.1	467
JF978673.1	467
JF978674.1	467
JF978675.1	466
JF978676.1	467
JF978677.1	467
JF978678.1	467
JF978679.1	467
JF978680.1	467
JF978681.1	474
JF978682.1	474
JF978683.1	474
JF978684.1	474
JF978685.1	474
JF978686.1	467
JF978687.1	467
JF978690.1	467
JF978691.1	467
JF978692.1	467
JF978693.1	467
JF978694.1	468
JF978695.1	468
JF978696.1	466
KC511496.1	474
KX394634.1	472
KX394639.1	467
KX394641.1	467
KX394642.1	467
KX394643.1	466
KX683213.1	474
MH808672.1	467
MT104820.1	466
JF461357.1	472
JF461358.1	463
JF461359.1	463
JF461360.1	472
JF461361.1	472
JF461363.1	468
JF461364.1	467
JF978697.1	466
JF978698.1	466
JF978705.1	470
JF978706.1	470
JF978707.1	470
JF978708.1	470
JF978709.1	476
JF978710.1	476
JF978711.1	468
JF978712.1	468
JF978713.1	468
JF978714.1	467
JF978715.1	467
JF978724.1	467
JF978725.1	467
JF978726.1	467
JF978727.1	467
JF978728.1	472
JF978729.1	468
JF978730.1	466
JF978731.1	466
JF978732.1	463
JF978733.1	463
JF978734.1	463
JF978735.1	467
JF978736.1	467
JF978737.1	467
JF978738.1	467
JF978739.1	466
JF978740.1	466
JF978741.1	472
JF978742.1	472
JF978743.1	472
JF978744.1	472
JF978745.1	467
JF978746.1	467
JF978747.1	468
JF978748.1	468
JF978749.1	468
JF978750.1	467
JF978751.1	467
JF978752.1	468
JF978753.1	468
JF978754.1	468
JF978759.1	466
JF978760.1	466
JF978761.1	467
JF978762.1	467
JF978763.1	470
JF978764.1	467
JF978765.1	467
JF978766.1	467
JF978767.1	467
JF978768.1	467
JF978769.1	466
JF978770.1	466
JF978771.1	467
JF978772.1	469
JF978773.1	469
JF978774.1	469
JF978779.1	466
JF978780.1	466
JF978781.1	466
KC511501.1	467
KC511510.1	469
KF782895.1	467
KJ719921.1	468
KX394647.1	470
KX394652.1	463
KX394653.1	468
KX394654.1	468
MH808675.1	470
MH808676.1	470
MH808677.1	466
MH808678.1	466
JF978650.1	467
JF978651.1	467
JF978782.1	462
JF978783.1	462
KF694807.1	453
PP218138.1	453
PP218139.1	452
PP218140.1	453
PP218141.1	453
PP218142.1	453
KT151672.1	469
KT151673.1	468
JN189714.1	445
KY700233.1	472
JN032012.1	452
KF821728.1	452
MH113948.1	447
MK132883.1	447
MK132891.1	447
KF821568.1	453
PV900497.1	456
KY700276.1	450
KY700524.1	461
JF461350.1	466
JF461353.1	472
JF461362.1	466
JF461365.1	481
JF461366.1	472
JF461367.1	467
JF461368.1	472
JF461369.1	466
JF461370.1	472
JF461371.1	468
JQ710963.1	466
JQ710964.1	466
JQ710965.1	466
JQ710966.1	466
JQ710967.1	466
JQ710968.1	466
JQ710969.1	466
JQ710970.1	466
JQ710971.1	466
JQ710972.1	466
JQ710973.1	466
JQ710974.1	466
JQ710975.1	466
JQ710976.1	466
JQ710977.1	466
JQ710978.1	466
JQ710993.1	466
JQ710994.1	466
JQ710995.1	466
JQ710996.1	466
KC511500.1	466
KC511503.1	472
KC511516.1	466
MH808683.1	466
MH808684.1	472
MT104824.1	468
OR593997.1	444
KP900406.1	460
MN121694.1	463
AB972347.1	479
JN187956.1	455
JN187957.1	455
JN187958.1	455
JN187959.1	455
JN187960.1	455
JN187961.1	455
PV537475.1	447
PV537476.1	445
PV537477.1	448
PV537479.1	447
PV537481.1	448
PV537482.1	445
PV537483.1	444
PV537485.1	446
PV537487.1	446
PV537490.1	447
PV537491.1	452
PV537492.1	447
PV537493.1	447
PV537494.1	448
PV537496.1	447
PV537497.1	447
PV537498.1	447
PV537501.1	447
PV537502.1	447
JN796923.1	453
GU066225.1	481
GU066233.1	482
GU066234.1	482
JQ730042.1	447
KU501057.1	447
KY991540.1	449
KP900383.1	457
KP900392.1	457
KX656896.1	437
KX656897.1	437
KX656898.1	454
KX656899.1	454
KX656900.1	454
KX656901.1	454
KX656902.1	454
MN399972.1	451
KY991553.1	454
JQ730087.1	449
KY991793.1	449
MT536245.1	449
OP627697.1	449
AY460433.1	453
AY460436.1	440
AY460438.1	451
JQ730115.1	457
JQ730130.1	397
JQ730138.1	439
JQ730204.1	451
KY991516.1	449
KY991543.1	457
KY991567.1	457
KY991568.1	441
KY991569.1	449
KY991722.1	451
KY991891.1	452
KY991921.1	450
MT536237.1	441
MT536267.1	449
OP627734.1	441
OP627770.1	449
LC720647.1	435
LC720648.1	435
LC720649.1	435
LC720650.1	435
LC720651.1	435
LC720652.1	435
LC720653.1	435
LC720654.1	435
LC720655.1	435
LC720656.1	435
LC720657.1	435
LC720658.1	435
LC720659.1	435
LC720660.1	435
LC720661.1	435
LC720671.1	435
LC720672.1	435
LC720673.1	435
LC720674.1	435
LC720675.1	435
LC720676.1	435
OL774774.1	435
OL774775.1	435
OL774781.1	435
KY700341.1	444
LC822540.1	442
MT104841.1	467
KY700477.1	451
JQ730036.1	455
KY214940.1	433
JQ730037.1	457
JQ730038.1	449
JQ730040.1	449
JQ730043.1	451
JQ730044.1	439
JQ730045.1	449
JQ730046.1	442
JQ730047.1	449
JQ730048.1	452
JQ730049.1	469
JQ730050.1	454
JQ730052.1	452
JQ730054.1	452
JQ730055.1	452
JQ730056.1	452
JQ730057.1	452
JQ730058.1	452
JQ730059.1	451
JQ730060.1	452
JQ730061.1	448
JQ730062.1	430
JQ730067.1	448
JQ730068.1	450
JQ730069.1	449
JQ730070.1	442
JQ730071.1	449
JQ730072.1	449
JQ730074.1	449
JQ730075.1	449
JQ730077.1	449
JQ730078.1	451
JQ730079.1	444
JQ730081.1	469
JQ730082.1	453
JQ730083.1	449
JQ730084.1	449
JQ730086.1	449
JQ730088.1	449
JQ730090.1	449
JQ730094.1	453
JQ730096.1	450
JQ730097.1	449
JQ730098.1	449
JQ730099.1	449
JQ730100.1	449
JQ730101.1	449
JQ730104.1	449
JQ730108.1	477
JQ730109.1	450
JQ730110.1	448
JQ730111.1	448
JQ730112.1	482
JQ730113.1	449
JQ730114.1	448
JQ730116.1	449
JQ730120.1	455
JQ730122.1	450
JQ730123.1	448
JQ730124.1	450
JQ730125.1	450
JQ730127.1	454
JQ730128.1	435
JQ730129.1	449
JQ730131.1	452
JQ730132.1	451
JQ730137.1	441
JQ730139.1	449
JQ730140.1	449
JQ730141.1	449
JQ730142.1	457
JQ730143.1	449
JQ730144.1	449
JQ730145.1	449
JQ730146.1	449
JQ730147.1	449
JQ730148.1	449
JQ730149.1	449
JQ730150.1	451
JQ730152.1	450
JQ730153.1	449
JQ730156.1	449
JQ730157.1	452
JQ730158.1	449
JQ730159.1	452
JQ730160.1	445
JQ730161.1	449
JQ730162.1	449
JQ730163.1	450
JQ730164.1	449
JQ730165.1	449
JQ730166.1	449
JQ730167.1	451
JQ730168.1	451
JQ730169.1	451
JQ730170.1	449
JQ730171.1	451
JQ730172.1	449
JQ730173.1	449
JQ730174.1	451
JQ730175.1	451
JQ730176.1	449
JQ730177.1	449
JQ730178.1	449
JQ730179.1	449
JQ730180.1	449
JQ730182.1	450
JQ730183.1	449
JQ730185.1	449
JQ730186.1	449
JQ730187.1	451
JQ730189.1	449
JQ730190.1	451
JQ730192.1	451
JQ730193.1	449
JQ730195.1	449
JQ730196.1	449
JQ730197.1	449
JQ730198.1	449
JQ730199.1	449
JQ730200.1	451
KF463036.1	449
KF463037.1	449
KU501060.1	452
KX889215.1	452
KX889216.1	452
KX889221.1	449
KX889272.1	449
KX889282.1	449
KY991492.1	455
KY991515.1	449
KY991542.1	449
KY991544.1	451
KY991725.1	450
KY991730.1	449
KY991740.1	449
KY991744.1	449
KY991767.1	449
KY991776.1	451
KY991796.1	449
KY991806.1	448
KY991870.1	469
KY991924.1	448
KY991986.1	449
KY992018.1	449
KY992020.1	449
MH430237.1	451
MK184581.1	430
MT536241.1	449
OP627677.1	449
OP627681.1	449
OP627684.1	449
OP627689.1	448
OP627732.1	441
OP627783.1	449
JQ730201.1	449
JQ730202.1	449
JQ730203.1	450
JQ730205.1	449
JQ730206.1	449
JQ730207.1	449
JQ730208.1	451
JQ730209.1	449
JQ730210.1	449
JQ730211.1	451
JQ730212.1	451
JQ730213.1	449
JQ730215.1	451
JQ730216.1	451
JQ730217.1	449
JQ730218.1	452
JQ730220.1	451
JQ730221.1	449
JQ730223.1	449
JQ730224.1	449
JQ730225.1	449
JQ730226.1	451
JQ730227.1	449
JQ730230.1	451
JQ730231.1	449
JQ730232.1	449
JQ730233.1	449
JQ730235.1	452
JQ730236.1	449
JQ730237.1	448
JQ730238.1	449
JQ730239.1	449
JQ730240.1	449
JQ730241.1	415
JQ730243.1	437
JQ730244.1	437
KY991558.1	449
KY991987.1	449
MT000944.1	451
JQ730133.1	451
KF781574.1	457
KY991485.1	452
KY991529.1	449
KY991619.1	451
KY991811.1	454
KY991841.1	450
KY991842.1	450
KY991843.1	450
KY991844.1	450
KY991845.1	450
KY991850.1	433
KY991873.1	451
KY991907.1	449
KY992002.1	452
MK184562.1	451
MK184563.1	451
MK184619.1	454
MK184620.1	433
KF821587.1	454
HM590392.1	476
KT151666.1	471
KT151667.1	470
KT151669.1	467
KT151670.1	464
KT151671.1	467
KT151674.1	455
KT151675.1	454
LC610878.1	457
LC610879.1	457
LC610880.1	454
LC610881.1	454
LC610882.1	454
LC610883.1	454
LC610884.1	454
LC610885.1	454
LC610886.1	454
LC610887.1	454
KF821549.1	452
MZ329942.1	457
MZ329943.1	457
JQ710979.1	466
KC511494.1	466
KY700218.1	447
KF821528.1	442
KY991683.1	443
KY991912.1	442
MK184618.1	443
AY460481.1	450
AY460498.1	452
GU968788.1	456
KF821772.1	449
KY991969.1	452
MH819905.1	452
OL414847.1	445
OL414874.1	443
JQ730041.1	449
JQ730066.1	449
JQ730103.1	449
KU501055.1	449
KY991519.1	449
KY991829.1	457
OL414865.1	445
DQ008855.1	455
JQ730039.1	449
KU501056.1	449
KY991721.1	449
KY991838.1	458
KY992066.1	454
JN617192.1	438
PV901313.1	441
PV809980.1	440
AB675893.1	451
JQ730106.1	449
KY700462.1	440
KY700255.1	453
KY700256.1	453
DQ008844.1	478
DQ008845.1	473
DQ008851.1	473
MH813125.1	400
MH813127.1	399
LC656557.1	438
KC896702.1	468
MH113942.1	449
MH113957.1	447
MH113961.1	449
KY700389.1	456
KY991777.1	449
MK934359.1	458
MH547474.1	431
OP090113.1	440
MH547479.1	416
KY991696.1	449
KY991732.1	445
KY991813.1	448
KY991821.1	443
KY991963.1	443
KY991994.1	443
KY991995.1	443
KY991998.1	449
KY991999.1	448
KY992000.1	448
KY992040.1	454
MH708159.1	452
MK184565.1	448
MK184569.1	449
MK184580.1	427
MK184601.1	448
MK184607.1	448
MK184608.1	448
MK184611.1	443
MK184612.1	443
MK184614.1	443
MK184615.1	443
MK184617.1	443
MH884557.1	436
JQ730105.1	449
KU350171.1	451
OL636335.1	448
OM060350.1	448
KC292629.1	446
JQ730076.1	449
JQ730085.1	449
JQ730118.1	437
JQ730246.1	449
KX889222.1	449
KX889223.1	449
KX889243.1	452
KX889291.1	438
KY991577.1	437
KY991622.1	449
KY991848.1	449
KY992038.1	452
KY992039.1	437
MW399350.1	468
MW399351.1	468
MN719089.1	498
MN718805.1	436
OM368180.1	436
OM368181.1	436
OR251132.1	436
OR251133.1	436
KJ888509.1	459
X86899.1	446
AB972349.1	476
KY214930.1	433
KU350154.1	460
KU350158.1	452
KU350161.1	452
AJ293765.1	463
KU350166.1	446
LC610889.1	446
LC610894.1	446
PP230035.1	483
KC511489.1	470
KC511490.1	467
KC511492.1	467
KC511497.1	466
KC511502.1	466
KC511504.1	466
KC511505.1	472
KC511506.1	470
KC511507.1	467
KC511508.1	469
KC511509.1	472
KC511511.1	466
KC511512.1	471
KC511513.1	471
KC511514.1	467
KC511524.1	467
KC511525.1	470
KF782896.1	466
KJ719918.1	466
MH808679.1	466
MH808680.1	469
MH808681.1	469
AB972346.1	478
AJ297578.1	463
AJ297580.1	463
AJ297581.1	465
KC420457.1	474
KC420458.1	475
KC420459.1	475
KC420460.1	474
KC420461.1	475
KC420462.1	474
KC420463.1	474
KC420464.1	475
KC420465.1	474
KC420466.1	473
KC420467.1	474
KC420468.1	474
KC420469.1	475
KC420470.1	474
KC420471.1	474
KC420472.1	474
KC420473.1	475
KC420474.1	474
KC420475.1	475
KC420476.1	474
KC420477.1	475
KC420478.1	474
KC420479.1	473
KC420480.1	474
KC420481.1	475
KC420482.1	474
KC420483.1	474
KC420484.1	475
KC420485.1	475
KC420486.1	475
KC420487.1	474
KC420488.1	474
KC420489.1	475
KC420490.1	475
KC511483.1	448
KC511484.1	449
KC511519.1	466
KC511520.1	467
KC511521.1	467
KC511522.1	467
KC511523.1	466
KP858855.1	474
MW462538.1	450
MW462539.1	450
MW462540.1	450
MW462541.1	450
MW462542.1	449
KY991826.1	431
MW462493.1	451
MW462494.1	451
MW462495.1	451
KF694810.1	463
KF694811.1	471
KF694812.1	457
KF694814.1	463
KF694817.1	457
KF694821.1	461
KF694822.1	465
KF694823.1	455
KF694824.1	455
KF694825.1	456
KF694827.1	465
KX831971.1	463
KX831972.1	467
KX831973.1	467
KX831974.1	463
KX831975.1	467
KX831976.1	465
KX831977.1	463
KX831978.1	461
KX831979.1	463
KX831980.1	450
KX831981.1	469
KX831982.1	463
KX831983.1	450
KX831984.1	463
KX831985.1	450
KX831986.1	467
KX831987.1	450
KX831988.1	467
KX831989.1	450
KX831990.1	467
KX831991.1	465
KX831992.1	463
KX831993.1	467
KX831994.1	465
KX831995.1	450
KX831996.1	467
KX831997.1	463
KX831998.1	467
KX831999.1	465
KX832000.1	467
KX832001.1	463
KX832002.1	469
KX832003.1	464
KX832004.1	469
KX832005.1	469
KX832006.1	465
KX832007.1	467
KX832008.1	467
KX832009.1	463
KX832010.1	450
KX832011.1	469
KX832012.1	467
KX832013.1	465
KX832014.1	469
KX832015.1	469
KX832016.1	467
KX832017.1	450
KX832019.1	463
KX832020.1	450
KX832021.1	467
KX832022.1	463
KX832023.1	463
KX832024.1	467
KX832025.1	450
KX832026.1	467
KX832027.1	471
KX832028.1	467
KX832029.1	471
KX832030.1	457
KX832031.1	467
KX832032.1	463
KX832033.1	467
KX832034.1	467
KX832035.1	467
KX832036.1	467
KX832037.1	463
KX832038.1	450
KX832039.1	450
KX832040.1	457
KX832041.1	473
KX832042.1	469
KX832043.1	469
KF694809.1	457
KF694813.1	459
KF694815.1	465
KF694816.1	467
KF694818.1	467
KF694819.1	467
KF694820.1	465
KF694826.1	461
MN719100.1	467
PX249816.1	456
PX249817.1	456
PX249818.1	456
KY991825.1	448
KY991832.1	456
KY991835.1	456
KY991836.1	452
KY991865.1	452
MW462544.1	450
MW462548.1	454
KX889255.1	449
KX889256.1	449
KX889257.1	449
KX889258.1	450
KX889259.1	449
OM060342.1	448
OM060351.1	448
OM060352.1	448
KP858779.1	448
KP858842.1	475
KP858843.1	475
KP858844.1	475
KP858845.1	475
KP858846.1	475
KP858862.1	472
KP858907.1	469
KC461126.1	447
KC461127.1	445
KF463025.1	452
KF463033.1	449
KF463034.1	449
KF463038.1	445
KF463039.1	452
KF463040.1	450
KF463041.1	452
KF463043.1	451
KF463044.1	452
KF463045.1	452
KF463046.1	452
KF463047.1	452
KF463048.1	451
KU501053.1	448
KU501073.1	441
KU501076.1	442
KU501098.1	446
KU501105.1	449
KU845165.1	449
KU845166.1	448
KY700228.1	453
KY991702.1	448
KY991798.1	449
KY991871.1	441
KY991878.1	457
KY991886.1	449
MH430236.1	446
MT000936.1	445
MT536260.1	449
MT536271.1	449
OP627725.1	449
OP627747.1	449
KF781582.1	450
KF781583.1	450
KF781584.1	450
KF781585.1	450
KF781587.1	450
KF781595.1	450
KF781596.1	450
KF781597.1	450
KF781600.1	457
KF781601.1	448
JQ730229.1	450
KF463028.1	452
KF463029.1	452
KF463050.1	451
KF463051.1	451
PP230049.1	482
PP230056.1	482
PP230061.1	480
KF821399.1	451
KF821402.1	452
KF821407.1	453
KF821408.1	452
KF821411.1	452
KF821412.1	452
KF821415.1	451
KF821417.1	452
KF821420.1	453
KF821421.1	451
KF821422.1	452
KF821423.1	451
KF821425.1	453
KF821427.1	450
KF821428.1	453
KF821429.1	451
KF821434.1	451
KF821436.1	453
KF821438.1	450
KF821439.1	450
KF821441.1	451
KF821443.1	451
KF821444.1	450
KF821446.1	451
KF821447.1	458
KF821448.1	450
KF821451.1	453
KF821453.1	451
KF821456.1	453
KF821457.1	453
KF821458.1	451
KF821459.1	450
KF821461.1	451
KF821462.1	452
KF821463.1	452
KF821467.1	451
KF821469.1	450
KF821470.1	451
KF821472.1	451
KF821473.1	451
KX073141.1	452
KY991530.1	455
KY991556.1	455
KY991557.1	452
KY991632.1	452
OP627688.1	449
FJ358431.1	452
KF821477.1	455
KF821478.1	453
KF821480.1	454
KF821481.1	455
KF821482.1	455
KF821483.1	455
KF821484.1	453
KF821485.1	455
KF821489.1	452
KF821490.1	452
KF821495.1	451
KF821496.1	451
KF821497.1	451
KF821498.1	451
KF821500.1	452
KF821501.1	451
KF821502.1	451
KF821504.1	451
KF821509.1	451
KF821511.1	451
KF821512.1	451
KF821513.1	451
KF821514.1	451
KF821520.1	451
KF821521.1	451
KF821523.1	451
KF821524.1	450
KF821525.1	451
KF821526.1	451
KF821530.1	451
KF821531.1	451
KF821532.1	453
KF821533.1	451
KF821535.1	451
KF821537.1	451
KF821538.1	442
KF821544.1	451
KF821546.1	452
KF821553.1	452
KF821555.1	452
KF821557.1	451
KF821559.1	452
KF821560.1	454
KF821561.1	451
KF821562.1	454
KF821563.1	452
KF821564.1	455
KF821565.1	455
KF821566.1	454
KF821567.1	451
KF821569.1	446
KF821570.1	453
KF821572.1	451
KF821573.1	450
KF821575.1	454
KF821576.1	452
KF821579.1	453
KF821582.1	454
KF821584.1	452
KF821585.1	452
KF821586.1	452
KF821588.1	452
KF821589.1	453
KF821590.1	453
KF821592.1	456
KF821595.1	453
KF821596.1	452
KF821597.1	456
KF821598.1	451
KF821599.1	451
KF821602.1	452
KF821603.1	448
KF821608.1	452
KF821609.1	454
KF821610.1	450
KF821612.1	452
KF821614.1	452
KF821618.1	454
KF821619.1	453
KF821622.1	453
KF821623.1	453
KF821625.1	453
KF821626.1	452
KF821632.1	454
KF821633.1	451
KF821634.1	452
KF821636.1	451
KF821638.1	453
KF821639.1	452
KF821641.1	453
KF821642.1	454
KF821643.1	453
KF821646.1	454
KF821649.1	452
KF821650.1	452
KF821651.1	452
KF821654.1	452
KF821655.1	451
KF821657.1	452
KF821658.1	452
KF821660.1	452
KF821661.1	452
KF821665.1	452
KF821666.1	452
KF821668.1	452
KF821670.1	454
KF821671.1	452
KF821673.1	448
KF821677.1	452
KF821678.1	451
KF821679.1	453
KF821680.1	452
KF821681.1	450
KF821682.1	453
KR062493.1	451
KR062513.1	451
KR062515.1	452
KR062545.1	451
KR062546.1	452
KY991496.1	442
KY991562.1	451
KY991809.1	451
KY991906.1	451
KY991909.1	450
KY991911.1	451
KY991970.1	452
KY991990.1	451
KY992005.1	455
KY992006.1	453
KY992007.1	453
KY992008.1	455
MF953152.1	448
MH743835.1	448
MH743839.1	454
MH743845.1	454
MH743857.1	448
MH743886.1	456
MH819924.1	451
MK020549.1	456
MK020601.1	453
EU055888.1	450
KF463035.1	448
KF821404.1	452
KF821405.1	452
KF821406.1	452
KF821464.1	450
KF821465.1	452
KF821491.1	452
KF821517.1	451
KF821518.1	451
KF821685.1	456
KF821692.1	452
KF821695.1	452
KF821697.1	454
KF821698.1	448
KF821700.1	453
KF821701.1	454
KF821702.1	454
KF821703.1	452
KF821704.1	452
KF821706.1	455
KF821708.1	452
KF821709.1	450
KF821710.1	453
KF821711.1	448
KF821712.1	452
KF821717.1	453
KF821721.1	454
KF821724.1	452
KF821725.1	453
KF821726.1	452
KF821727.1	453
KF821729.1	452
KF821730.1	451
KF821731.1	451
KF821733.1	453
KF821734.1	451
KF821736.1	451
KF821738.1	451
KF821739.1	451
KF821742.1	451
KF821744.1	453
KF821745.1	451
KF821747.1	452
KF821748.1	452
KF821750.1	451
KF821753.1	450
KF821754.1	450
KF821759.1	451
KF821760.1	450
KF821762.1	450
KF821764.1	449
KF821765.1	449
KF821769.1	452
KF821771.1	452
KF821773.1	451
KF821774.1	451
KF821776.1	451
KF821778.1	454
KF821779.1	453
KR062571.1	451
KR062582.1	451
KX073149.1	454
KY991487.1	451
KY991561.1	448
KY991609.1	450
KY991624.1	450
KY991639.1	448
KY991728.1	449
KY991808.1	452
KY991849.1	452
KY991904.1	452
MH743873.1	454
MH743875.1	455
MH743893.1	456
MK020546.1	454
MK020554.1	456
MT000954.1	453
MT536268.1	452
OP627724.1	452
KF463026.1	452
KF463031.1	452
KF463049.1	445
MH743841.1	454
MH547546.1	432
KF781588.1	450
KF781589.1	452
KF781590.1	450
KF781591.1	450
KF781592.1	450
KF781598.1	450
KU350157.1	455
KF707551.1	456
KF707553.1	456
KF707571.1	456
PV900301.1	449
OP070066.1	454
MT104822.1	468
MK020625.1	452
MZ329891.1	458
MZ329892.1	458
MZ329896.1	458
MZ329928.1	439
MZ329929.1	439
MZ468570.1	439
MZ468571.1	439
MW462485.1	450
MW462486.1	441
MW462528.1	405
MW462529.1	405
MW462530.1	405
MW462531.1	405
EF526405.1	436
LC714812.1	450
LC714813.1	450
LC714814.1	450
LC714815.1	450
LC714816.1	450
LC714817.1	450
LC714818.1	450
LC714819.1	450
LC714820.1	450
LC714826.1	452
LC714827.1	452
LC714828.1	450
LC714829.1	450
LC714830.1	450
LC714831.1	450
KJ361766.1	454
KJ361767.1	454
KJ361768.1	453
KJ361769.1	452
KJ361770.1	454
KJ361772.1	453
KJ361773.1	453
KJ361774.1	455
KJ361775.1	453
KX073137.1	453
KJ418738.1	451
MT104842.1	466
MT104843.1	467
KJ888524.1	453
MH547541.1	452
PV900554.1	435
PV900562.1	435
MN153752.1	462
MN153754.1	463
MN153751.1	463
MN153767.1	463
MN153761.1	446
EU079374.1	406
MH813197.1	439
MK020640.1	454
MK020641.1	454
KC494662.1	465
KC494663.1	465
KC494664.1	465
KC494678.1	465
KC494679.1	465
KC494680.1	465
KC494681.1	465
KT290666.1	467
KT290667.1	467
AB972332.1	473
HM590376.1	473
HM590384.1	476
AB972334.1	475
KF818395.1	449
KF818396.1	467
KX394648.1	467
MT104828.1	467
KJ888516.1	457
KJ888526.1	454
KJ888534.1	451
OR019834.1	455
KM978077.1	443
MF871659.1	430
KX373647.1	431
MF871689.1	429
KY991563.1	451
KP858870.1	482
KY700523.1	461
PV809965.1	454
MW399241.1	468
MW399242.1	468
MW399243.1	468
MW399244.1	468
MW399245.1	468
MW399246.1	468
MW399247.1	468
MW399248.1	468
MW399249.1	468
MW399268.1	468
MW399274.1	468
MW399275.1	468
MW399276.1	468
MW399277.1	468
MW399278.1	468
MW399279.1	468
MW399280.1	468
MW399281.1	468
MW399282.1	468
MW399283.1	468
MW399284.1	468
MW399285.1	468
MW399286.1	468
MW399287.1	468
MW399288.1	468
MW399289.1	468
MW399290.1	468
MW399291.1	468
MW399292.1	468
MW399293.1	468
MW399294.1	468
MW399295.1	468
MW399296.1	468
MW399297.1	468
MW399298.1	468
MW399299.1	468
MW399300.1	468
MW399301.1	468
MW399302.1	468
MW399303.1	468
MW399304.1	468
MW399305.1	468
MW399306.1	468
MW399307.1	468
MW399308.1	468
MW399309.1	468
MW399310.1	468
MW399311.1	468
MW399312.1	468
MW399313.1	468
MW399314.1	468
MW399318.1	468
MW399319.1	468
MW399320.1	468
MW399321.1	468
MW399322.1	468
MW399323.1	468
MW399324.1	468
MW399325.1	468
MW399326.1	468
MW399327.1	468
MW399328.1	468
MW399329.1	468
MW399330.1	468
MW399331.1	468
MW399332.1	468
MW399333.1	468
MW399334.1	468
MW399335.1	468
MW399336.1	468
MW399337.1	468
MW399338.1	468
MW399339.1	468
MW399340.1	468
MW399341.1	468
MW399342.1	468
MW399343.1	468
MW399344.1	468
MW399345.1	468
MW399346.1	468
MW399347.1	468
MW399348.1	468
MW399349.1	468
MW399360.1	468
MW399361.1	468
MW399368.1	468
MW399369.1	468
MW399370.1	468
MW399371.1	468
MW399372.1	468
MW399389.1	468
MW399390.1	468
MW399391.1	468
MW399392.1	468
KF821401.1	452
KF821424.1	451
KF821492.1	452
KF821515.1	452
KF821547.1	452
KR062481.1	451
KX073160.1	452
MF953156.1	448
MF953157.1	448
MT104831.1	474
AY673070.1	436
KX394651.1	470
KY214931.1	442
MT104834.1	467
KJ400893.1	505
KJ400933.1	527
KJ400946.1	480
KJ888484.1	453
KJ888485.1	453
KJ888487.1	454
KJ888495.1	453
KJ888496.1	453
KJ888497.1	453
KJ888498.1	453
KJ888506.1	453
KJ888514.1	454
KJ888521.1	453
KJ888522.1	457
KJ888528.1	453
KJ888535.1	453
KJ888536.1	453
KJ888525.1	453
PP230060.1	489
AB972341.1	479
HM590383.1	476
KF821751.1	451
MK020483.1	451
MK020517.1	450
OR199470.1	483
EF526406.1	470
KR062479.1	451
KR062484.1	452
KR062487.1	451
KR062490.1	451
KR062491.1	451
KR062492.1	452
KR062496.1	451
KR062497.1	451
KR062499.1	451
KR062500.1	451
KR062501.1	451
KR062502.1	451
KR062503.1	452
KR062504.1	451
KR062505.1	451
KR062506.1	451
KR062508.1	451
KR062509.1	451
KR062510.1	451
KR062511.1	451
KR062512.1	451
KR062514.1	451
KR062516.1	451
KR062524.1	451
KR062525.1	451
KR062527.1	452
KR062532.1	451
KR062533.1	451
KR062534.1	451
KR062536.1	452
KR062537.1	451
KR062538.1	451
KR062542.1	451
KR062543.1	451
KR062544.1	451
KR062551.1	451
KR062552.1	451
KR062553.1	452
KR062554.1	451
KR062557.1	451
KR062558.1	451
KR062559.1	451
KR062565.1	451
KR062566.1	451
KR062568.1	451
KR062569.1	451
KR062570.1	451
KR062574.1	451
KR062575.1	452
KR062576.1	451
KR062579.1	451
KR062580.1	451
KR062581.1	451
KR062584.1	453
KR062586.1	451
PV698256.1	481
KC511518.1	468
KP858809.1	454
KP858812.1	480
KP858813.1	483
KP858814.1	483
KP858818.1	488
KP858819.1	488
KP858857.1	475
KP858858.1	475
KP858860.1	479
KP858863.1	478
KP858873.1	477
KP858874.1	477
KP858891.1	479
KP858894.1	477
KP858897.1	476
KP858898.1	476
KP858899.1	476
KP858900.1	481
KP858901.1	479
PX279283.1	446
KY991981.1	457
PV810077.1	450
PV810078.1	449
PV810079.1	450
KC896701.1	450
MH813034.1	398
MN531363.1	455
MN531375.1	455
AB972345.1	478
KP900348.1	460
KP900349.1	460
KP900350.1	460
KP900351.1	457
KP900352.1	457
KP900353.1	457
KP900355.1	457
KP900356.1	457
KP900357.1	457
KP900358.1	457
KP900359.1	457
KP900360.1	457
KP900361.1	457
KP900362.1	457
KP900363.1	457
KP900365.1	457
KP900366.1	457
KP900367.1	457
KP900368.1	457
KP900369.1	457
KP900372.1	457
KP900374.1	457
KP900375.1	457
KP900378.1	457
KP900379.1	457
KP900381.1	457
KP900382.1	457
KP900385.1	457
KP900386.1	457
KP900387.1	457
KP900393.1	456
KP900394.1	456
KP900395.1	456
KP900396.1	457
KP900398.1	457
KP900400.1	457
KP900402.1	457
KP900403.1	457
KP900405.1	457
KP900407.1	457
KP900408.1	457
KP900412.1	457
KP900413.1	457
KP900414.1	457
KP900415.1	457
KP900416.1	457
KP900419.1	457
KP900420.1	457
KP900421.1	458
KP900422.1	458
KU350167.1	446
KP718408.1	450
KP718409.1	451
KP718410.1	451
KP718411.1	451
KP718412.1	451
KP718413.1	451
KP718414.1	451
KP718415.1	450
KP718416.1	450
KP718418.1	450
KP718419.1	450
KP718422.1	450
KP718423.1	450
KP718424.1	450
KP718431.1	450
KP718439.1	450
KP718440.1	450
KP718441.1	450
KP718442.1	450
KP718449.1	450
KP718451.1	450
KP718452.1	450
KP718453.1	450
KP718460.1	452
KP718461.1	453
KP718462.1	450
KP718463.1	452
KP718465.1	453
KP718466.1	453
KP718467.1	450
KP718468.1	449
KP718469.1	449
KP718472.1	447
KP718473.1	447
KP718474.1	450
KP718476.1	454
KP718477.1	454
KP718478.1	450
KP718417.1	450
KP718420.1	450
KP718421.1	450
KP718425.1	450
KP718426.1	450
KP718427.1	450
KP718428.1	450
KP718429.1	450
KP718430.1	450
KP718443.1	450
KP718444.1	450
KP718445.1	450
KP718446.1	450
KP718447.1	449
KP718454.1	450
KP718456.1	450
PV900928.1	478
OR594033.1	443
PV990273.1	473
PV990274.1	473
PV990283.1	473
PV990286.1	473
LC656563.1	452
KF707552.1	459
KF707554.1	449
KF707563.1	458
KU350172.1	449
OR640672.1	458
OR640673.1	458
OR640676.1	459
OR640677.1	449
PX586486.1	458
KF707555.1	456
KF707556.1	456
KF707557.1	456
KF707558.1	456
KF707559.1	456
KF707560.1	456
KF707561.1	456
KF707562.1	456
KF707564.1	456
KF707565.1	456
KF707566.1	456
KF707567.1	456
KF707568.1	456
KF707569.1	456
KF707570.1	456
KF707572.1	456
KF707573.1	456
KU350180.1	457
OR640670.1	457
OR640671.1	458
OR640674.1	453
OR640675.1	453
OR640679.1	456
PX586487.1	460
PV809967.1	450
PV821426.1	438
OM060346.1	448
KP858782.1	454
KP858788.1	458
KP858789.1	463
KP858795.1	480
KP858797.1	480
KP858798.1	476
KP858799.1	475
KP858800.1	475
KP858801.1	473
KP858803.1	474
KP858804.1	476
KP858835.1	476
KP858837.1	480
KP858838.1	481
KP858847.1	475
KP858848.1	477
KP858850.1	475
KP858851.1	475
KP858852.1	475
KP858853.1	475
KP858854.1	475
KP858856.1	475
KP858859.1	483
KP858861.1	473
KP858865.1	477
KP858866.1	478
KP858867.1	475
KP858868.1	478
KP858869.1	449
KP858871.1	478
KP858872.1	477
KP858875.1	477
KP858876.1	477
KP858877.1	476
KP858878.1	476
KP858879.1	476
KP858880.1	476
KP858881.1	475
KP858882.1	474
KP858883.1	474
KP858884.1	474
KP858885.1	483
KP858886.1	480
KP858887.1	480
KP858888.1	477
KP858889.1	477
KP858890.1	477
KP858893.1	478
KP858895.1	477
KP858896.1	476
KP858902.1	475
KP858903.1	474
KP858904.1	476
KP858905.1	476
KP858908.1	456
HM590377.1	477
KP858836.1	471
PV495770.1	471
AB972338.1	479
HM590379.1	477
KY991611.1	457
KX689316.1	457
KF500511.1	425
KF500512.1	425
MF953154.1	448
MF595876.1	440
KU501052.1	448
KU501058.1	451
KU501059.1	444
KU501061.1	451
KU501062.1	451
KU501063.1	451
KU501064.1	449
KU501065.1	496
KU501065.1	452
KU501066.1	454
KU501067.1	452
KU501068.1	448
KU501069.1	449
KU501070.1	449
KU501071.1	441
KU501072.1	441
KU501074.1	441
KU501075.1	442
KU501077.1	442
KU501078.1	450
KU501079.1	451
KU501080.1	443
KU501081.1	449
KU501082.1	455
KU501083.1	456
KU501084.1	452
KU501085.1	452
KU501086.1	452
KU501087.1	452
KU501088.1	452
KU501089.1	450
KU501090.1	449
KU501091.1	449
KU501092.1	452
KU501093.1	449
KU501094.1	449
KU501095.1	449
KU501096.1	460
KU501097.1	458
KU501099.1	458
KU501101.1	457
KU501102.1	458
KU501103.1	457
KU501104.1	457
KY991712.1	451
KY991735.1	458
KY991736.1	457
KY991739.1	452
KY991741.1	450
KY991746.1	452
KY991750.1	452
KY991751.1	452
KY991774.1	458
KY991775.1	449
KY991885.1	451
KY992046.1	457
OR271874.1	449
KY700376.1	456
KY991539.1	452
PV760951.1	462
PV760952.1	462
PV760953.1	462
KY991581.1	458
KY991587.1	456
PP230047.1	482
PP230074.1	482
PP230065.1	483
KU350177.1	458
MH547471.1	437
LC610892.1	453
LC610895.1	453
KU845164.1	457
KX689290.1	448
PV900891.1	474
KY991517.1	457
KY991518.1	457
KY991578.1	456
KY991590.1	457
MH813190.1	417
MH813192.1	405
KX534383.1	446
MN735532.1	457
KX689310.1	468
KX689329.1	449
KX689353.1	422
KX689354.1	421
KU350162.1	450
KY992003.1	452
MK258149.1	455
MK258150.1	452
KY992067.1	457
EF526399.1	478
JF461343.1	470
JF976609.1	470
JF976610.1	470
KC511480.1	468
KX394644.1	463
KX394645.1	470
KX394656.1	468
MT104825.1	463
MT104829.1	470
EF526385.1	491
KY214926.1	433
KY214956.1	451
KY214962.1	462
KY214964.1	456
KY215129.1	416
KY215132.1	451
MW282045.1	416
KY214967.1	458
KY214972.1	450
KY214982.1	452
KY214985.1	453
KY214986.1	464
KY214990.1	456
KY214996.1	451
KY214998.1	452
KY215002.1	451
KY215003.1	451
KY215019.1	462
KY215025.1	452
KY215037.1	451
KY215042.1	452
KY215043.1	451
KY215045.1	460
KY215046.1	450
KY215055.1	451
KY215056.1	451
KY215057.1	451
KY215069.1	451
KY215089.1	451
KY215090.1	451
KY215093.1	451
KY215100.1	451
KY215106.1	461
KY215107.1	451
KY215109.1	451
KY215110.1	451
KY215115.1	451
KY215119.1	454
KY215124.1	451
KY215125.1	451
KY215134.1	451
MW588812.1	465
PV900847.1	455
PV900857.1	455
PV900878.1	455
PV900879.1	455
MK397056.1	455
MK397061.1	449
MK397064.1	455
MK397065.1	455
MK397067.1	455
MK397068.1	455
MK397071.1	445
MK397077.1	455
MK397078.1	455
KX373642.1	429
KX373645.1	431
KX373648.1	429
KY700300.1	442
PX765859.1	445
KY991628.1	449
KY991645.1	449
KY991651.1	449
KY991694.1	449
KY991704.1	449
MF326274.1	445
PQ032371.1	540
PQ032371.1	584
KX073139.1	453
KX073140.1	452
KX073142.1	451
KX073143.1	452
KX073144.1	453
KX073145.1	452
KX073146.1	453
KX073147.1	455
KX073148.1	452
KX073150.1	454
KX073151.1	453
KX073152.1	453
KX073153.1	453
KX073154.1	453
KX073156.1	452
KX073157.1	452
KX073158.1	455
KX073159.1	453
KX073161.1	453
KX073162.1	452
KX073163.1	454
KX073164.1	451
KX073165.1	453
KX073166.1	452
KX073167.1	452
KX073168.1	451
KX073169.1	452
KX073170.1	452
KX073172.1	453
KX073173.1	452
KX073174.1	452
KX073175.1	452
KX073176.1	453
KX073177.1	453
KX073178.1	453
KX073180.1	453
KX073181.1	456
MK020512.1	453
MK020566.1	453
LC471212.1	429
PX368930.1	447
MF188242.1	427
PX423913.1	455
KX889211.1	449
KX889213.1	452
KX889214.1	452
KX889219.1	453
KX889220.1	453
KX889224.1	449
KX889225.1	449
KX889226.1	449
KX889227.1	449
KX889233.1	452
KX889234.1	453
KX889235.1	453
KX889236.1	449
KX889238.1	449
KX889242.1	452
KX889245.1	452
KX889246.1	452
KX889247.1	452
KX889249.1	451
KX889250.1	451
KX889251.1	451
KX889252.1	452
KX889253.1	452
KX889260.1	449
KX889261.1	452
KX889262.1	449
KX889263.1	449
KX889264.1	449
KX889265.1	449
KX889267.1	449
KX889268.1	449
KX889269.1	449
KX889278.1	449
KX889279.1	449
KX889280.1	449
KX889286.1	437
KX889287.1	449
KX889288.1	449
KX889290.1	438
KX889292.1	449
KX889293.1	449
KX889294.1	438
KX889295.1	449
KX889296.1	449
KX889297.1	453
KX889298.1	453
KX889302.1	449
KX889303.1	437
KX889304.1	449
KX889306.1	449
KX889307.1	449
KX889308.1	437
KX889309.1	437
KY992035.1	453
KY992037.1	439
KX889241.1	449
KX889217.1	452
KX889218.1	452
KX889228.1	394
KX889230.1	450
KX889231.1	450
KX889232.1	450
KX889239.1	450
KX889240.1	450
KX889244.1	451
KX889248.1	450
KX889254.1	450
KX889266.1	449
KX889273.1	449
KX889274.1	449
KX889275.1	449
KX889276.1	449
KX889277.1	450
KX889281.1	449
KX889283.1	449
KX889284.1	450
KX889299.1	437
KX889300.1	437
KX889305.1	437
MK617538.1	449
MK617539.1	450
OR199462.1	432
KX889285.1	449
KY991647.1	449
KY991652.1	449
KY991654.1	449
KY991664.1	449
KY991667.1	449
KY991684.1	449
KY991687.1	449
KY991941.1	449
KY991948.1	449
PP230067.1	490
MF871686.1	434
KX765167.1	457
PZ014422.1	448
MZ191012.1	443
PZ124274.1	460
KX985576.1	473
MF872617.1	468
MH819883.1	451
MH819884.1	442
MK049256.1	450
KY700499.1	444
EF526366.1	450
EF526367.1	446
EF526393.1	452
HM590373.1	474
HM590380.1	486
HM590388.1	478
EF526362.1	446
EF526410.1	449
KY700267.1	445
KY700384.1	451
AY673069.1	471
AY673050.1	447
AY673051.1	453
AY673053.1	477
AY673054.1	452
AY673055.1	453
AY673058.1	442
AY673062.1	453
AY673064.1	459
AY673065.1	454
AY673068.1	449
MN531352.1	455
MN531353.1	455
MN531354.1	455
KU244121.1	455
KU244122.1	455
KU244123.1	455
KU244124.1	455
KU244125.1	455
KU244126.1	455
MN531355.1	455
MN531356.1	455
MN531357.1	455
MN531358.1	455
KY700428.1	454
MH813139.1	396
EU055866.1	450
KF821763.1	450
KY991512.1	472
KY991701.1	448
KY991861.1	454
KY991869.1	454
KY991880.1	448
KY991984.1	456
KY991985.1	458
KY992044.1	458
KY992045.1	456
KY992068.1	472
KY991499.1	456
KY991501.1	449
KY991505.1	446
KY991507.1	456
KY991509.1	456
KY991522.1	457
KY991524.1	456
KY991536.1	452
KY991560.1	430
KY991564.1	450
KY991570.1	457
KY991575.1	449
KY991580.1	457
KY991585.1	459
KY991595.1	457
KY991602.1	456
KY991616.1	454
KY991634.1	450
KY991636.1	449
KY991637.1	449
KY991638.1	449
KY991643.1	449
KY991655.1	449
KY991656.1	450
KY991657.1	449
KY991659.1	449
KY991662.1	449
KY991668.1	452
KY991670.1	449
KY991673.1	449
KY991679.1	449
KY991688.1	449
KY991689.1	453
KY991693.1	449
KY991698.1	455
KY991705.1	449
KY991707.1	449
KY991717.1	449
KY991720.1	458
KY991723.1	458
KY991724.1	449
KY991729.1	427
KY991734.1	449
KY991737.1	429
KY991743.1	427
KY991747.1	426
KY991756.1	449
KY991766.1	449
KY991772.1	458
KY991780.1	449
KY991785.1	449
KY991786.1	449
KY991787.1	449
KY991795.1	449
KY991797.1	449
KY991804.1	458
KY991810.1	452
KY991823.1	323
KY991824.1	421
KY991828.1	442
KY991833.1	450
KY991837.1	458
KY991840.1	458
KY991852.1	449
KY991854.1	456
KY991856.1	456
KY991858.1	456
KY991859.1	458
KY991863.1	458
KY991864.1	458
KY991866.1	458
KY991867.1	456
KY991868.1	456
KY991876.1	456
KY991877.1	447
KY991882.1	456
KY991890.1	428
KY991894.1	427
KY991896.1	427
KY991898.1	428
KY991900.1	449
KY991914.1	457
KY991935.1	449
KY991936.1	449
KY991937.1	449
KY991938.1	449
KY991940.1	449
KY991943.1	449
KY991945.1	449
KY991946.1	449
KY991950.1	449
KY991951.1	449
KY991952.1	449
KY991953.1	449
KY991954.1	449
KY991956.1	449
KY991957.1	449
KY991975.1	451
KY991992.1	472
KY992010.1	454
KY992026.1	449
KY992030.1	457
KY992034.1	458
KY992036.1	449
KY992041.1	449
KY992042.1	458
KY992053.1	455
KY992063.1	459
KY992064.1	442
KY992072.1	457
MH819867.1	452
MH819871.1	452
MH819877.1	430
MK184578.1	427
MK184582.1	429
MK184588.1	427
MK184593.1	428
MK184597.1	427
MK258152.1	452
MT536230.1	449
MT536233.1	449
MT536243.1	449
MT536300.1	449
MT536304.1	449
MT536332.1	449
MW462489.1	450
MW462490.1	451
MW462491.1	451
MW462492.1	451
MW462496.1	450
MW462509.1	450
MW462519.1	450
OL414855.1	445
OL414856.1	445
OL414866.1	444
OL414897.1	446
OL414906.1	446
OP627678.1	427
OP627679.1	427
OP627680.1	449
OP627683.1	449
OP627686.1	449
OP627687.1	449
OP627690.1	449
OP627692.1	449
OP627693.1	449
OP627695.1	449
OP627699.1	449
OP627700.1	449
OP627701.1	449
KY991491.1	443
KY991495.1	450
KY991497.1	442
KY991498.1	459
KY991503.1	456
KY991504.1	456
KY991508.1	457
KY991510.1	472
KY991511.1	449
KY991521.1	456
KY991531.1	448
KY991532.1	455
KY991534.1	451
KY991535.1	452
KY991538.1	452
KY991545.1	448
KY991546.1	451
KY991547.1	448
KY991549.1	451
KY991550.1	451
KY991555.1	454
KY991579.1	463
KY991584.1	460
KY991588.1	456
KY991589.1	456
KY991592.1	457
KY991593.1	458
KY991594.1	452
KY991598.1	456
KY991600.1	451
KY991601.1	457
KY991612.1	458
KY991613.1	457
KY991614.1	456
KY991625.1	448
KY991626.1	448
KY991627.1	448
KY991630.1	448
KY991631.1	448
KY991635.1	448
KY991640.1	445
KY991641.1	455
KY991644.1	449
KY991646.1	449
KY991648.1	449
KY991649.1	449
KY991660.1	448
KY991661.1	451
KY991663.1	449
KY991666.1	449
KY991669.1	450
KY991671.1	449
KY991672.1	449
KY991674.1	443
KY991675.1	449
KY991676.1	449
KY991677.1	451
KY991678.1	450
KY991681.1	449
KY991682.1	457
KY991690.1	449
KY991691.1	453
KY991692.1	454
KY991695.1	448
KY991697.1	448
KY991699.1	448
KY991700.1	451
KY991703.1	451
KY991708.1	448
KY991709.1	448
KY991710.1	448
KY991711.1	455
KY991713.1	455
KY991714.1	451
KY991719.1	450
KY991727.1	449
KY991731.1	442
KY991733.1	449
KY991738.1	449
KY991745.1	449
KY991748.1	449
KY991749.1	449
KY991754.1	449
KY991757.1	452
KY991778.1	449
KY991779.1	449
KY991781.1	449
KY991783.1	458
KY991788.1	449
KY991789.1	449
KY991790.1	449
KY991792.1	449
KY991794.1	449
KY991800.1	426
KY991830.1	472
KY991847.1	451
KY991888.1	449
KY991889.1	449
KY991897.1	449
KY991901.1	449
KY991902.1	449
KY991903.1	449
KY991915.1	449
KY991916.1	457
KY991920.1	448
KY991922.1	444
KY991926.1	448
KY991928.1	448
KY991930.1	451
KY991932.1	457
KY991933.1	449
KY991934.1	449
KY991939.1	449
KY991942.1	449
KY991944.1	449
KY991960.1	452
KY991962.1	449
KY991974.1	457
KY991977.1	452
KY991978.1	452
KY991980.1	454
KY991982.1	456
KY991983.1	451
KY991991.1	442
KY991997.1	452
KY992009.1	449
KY992012.1	454
KY992013.1	457
KY992014.1	449
KY992016.1	449
KY992017.1	449
KY992019.1	449
KY992027.1	449
KY992033.1	449
KY992043.1	453
KY992049.1	452
KY992065.1	456
MT536236.1	449
MT536249.1	449
MT536255.1	449
MT536259.1	449
MT536307.1	449
MT536308.1	449
MT536335.1	441
MW462504.1	450
OP627702.1	449
OP627704.1	449
OP627708.1	449
OP627710.1	449
OP627711.1	449
OP627712.1	449
OP627713.1	449
OP627714.1	449
OP627719.1	449
OP627721.1	449
OP627722.1	449
OP627728.1	449
OP627731.1	426
OP627733.1	441
OP627786.1	449
OP627788.1	449
OP627791.1	449
OR271881.1	449
KY991572.1	415
KY991597.1	443
KY991603.1	456
KY991615.1	457
KY991620.1	449
KY991621.1	458
KY991623.1	451
KY991633.1	451
KY991716.1	449
KY991742.1	415
KY991752.1	452
KY991771.1	449
KY991791.1	449
KY991801.1	458
KY991802.1	458
KY991803.1	449
KY991820.1	459
KY991831.1	456
KY991887.1	449
KY991893.1	449
KY991927.1	452
KY991929.1	451
KY991931.1	425
KY991947.1	449
KY991949.1	449
KY991955.1	450
KY991958.1	451
KY991959.1	450
KY991964.1	451
KY991989.1	449
KY991996.1	448
KY992015.1	449
KY992022.1	449
KY992023.1	459
KY992024.1	449
KY992025.1	459
KY992029.1	263
KY992047.1	458
KY992048.1	449
KY992050.1	449
KY992051.1	449
KY992052.1	449
KY992054.1	437
KY992055.1	437
KY992056.1	455
KY992057.1	456
KY992058.1	455
KY992059.1	437
KY992060.1	437
KY992061.1	449
KY992062.1	449
OP627741.1	449
MN531379.1	455
MN531380.1	455
KY991617.1	450
KY991653.1	449
KY991665.1	452
KY991718.1	449
KY991892.1	427
KY991923.1	448
KY991925.1	448
MN531368.1	455
MN531370.1	455
MN531371.1	455
MN531372.1	455
MN531381.1	455
PV901190.1	476
MK020511.1	452
MG217353.1	438
LC861369.1	469
LC861370.1	469
LC861371.1	469
LC861372.1	469
ON512686.1	469
ON512687.1	469
ON512688.1	469
ON512689.1	469
ON512690.1	469
ON512691.1	469
ON512692.1	469
ON512693.1	469
ON512694.1	469
ON512695.1	469
ON512696.1	469
ON512697.1	469
ON512698.1	469
ON512699.1	469
ON512700.1	469
ON512701.1	469
ON512702.1	469
ON512703.1	469
LC861373.1	469
LC861374.1	469
LC861387.1	469
LC861388.1	469
LC861389.1	469
LC861390.1	469
LC861391.1	469
LC861392.1	469
LC861393.1	469
LC861394.1	469
LC861395.1	469
LC861396.1	469
LC861397.1	469
LC861398.1	469
LC861402.1	469
LC861403.1	469
LC861404.1	469
LC861405.1	469
LC861406.1	469
LC861407.1	469
LC861408.1	469
LC861409.1	469
LC861410.1	469
LC861414.1	469
LC861415.1	469
LC861416.1	469
LC861417.1	469
LC861418.1	469
LC861419.1	469
MH371008.1	449
MW399379.1	468
MW399380.1	468
MW399381.1	468
MW399382.1	468
MW399383.1	468
MW399384.1	468
AY181588.1	454
KU244108.1	455
KU244109.1	455
KU244110.1	455
KU244111.1	455
KU244115.1	456
KU244116.1	456
KU244117.1	456
KU244133.1	465
KY235205.1	456
KY235206.1	456
KY235207.1	456
KY235214.1	465
KY235215.1	465
KY235216.1	465
MH602402.1	441
MH602402.1	394
MH602403.1	457
MH602404.1	457
MH602405.1	457
MH602406.1	457
MH602407.1	457
MH602408.1	457
KP858794.1	480
KP858780.1	465
KP858834.1	483
KC878562.1	473
KC878563.1	473
KC878564.1	473
PQ278858.1	434
OL442775.1	468
MF953153.1	448
MF953155.1	448
MF953161.1	449
MF953163.1	448
MH708154.1	453
MH708155.1	452
MH708158.1	452
MH708160.1	453
MH712542.1	455
MH743848.1	449
MH743862.1	448
KY991706.1	451
MH819864.1	452
MH819868.1	452
MH819869.1	452
MH819872.1	452
MH819873.1	452
MH819874.1	351
MH819875.1	455
MH819876.1	455
MH819878.1	455
MH819879.1	453
MH819881.1	451
MH819882.1	450
MH819885.1	447
MH819888.1	447
MH819889.1	442
MH819890.1	453
MH819892.1	451
MH819893.1	442
MH819894.1	451
MH819896.1	453
MH819897.1	453
MH819898.1	451
MH819900.1	442
MH819903.1	451
MH819904.1	451
MH819906.1	451
MH819907.1	452
MH819908.1	450
MH819909.1	451
MH819910.1	451
MH819911.1	452
MH819912.1	451
MH819913.1	451
MH819914.1	453
MH819915.1	452
MH819916.1	452
MH819917.1	451
MH819919.1	452
MH819920.1	451
MH819921.1	451
MH819922.1	442
MH819923.1	451
MH819925.1	451
MH819926.1	451
MH819927.1	447
MH819928.1	449
MK020471.1	451
MH819902.1	452
AJ293766.1	463
PP230048.1	482
PP230058.1	482
AB972337.1	475
MK184570.1	449
MH743836.1	456
MH743838.1	454
MH743843.1	454
MH743846.1	456
MH743847.1	454
MH743854.1	454
MH743856.1	454
MH743858.1	454
MH743868.1	455
MH743872.1	455
MH743874.1	454
MH743877.1	454
MH743879.1	454
MH743880.1	454
MH743881.1	452
MH743888.1	454
MH743890.1	457
MH743891.1	454
MH743892.1	455
MK020543.1	454
MK020544.1	455
MK020551.1	454
MK020555.1	457
JX975691.1	454
JX975692.1	454
JX975693.1	454
OP090092.1	452
MK020571.1	445
EU055674.1	451
KF821416.1	450
KF821752.1	450
KF821755.1	450
KF821777.1	455
MK020473.1	451
MK020475.1	451
MK020476.1	451
MK020477.1	451
MK020478.1	451
MK020479.1	451
MK020481.1	451
MK020485.1	453
MK020486.1	440
MK020487.1	452
MK020488.1	451
MK020489.1	451
MK020490.1	451
MK020491.1	451
MK020492.1	451
MK020493.1	451
MK020494.1	451
MK020495.1	451
MK020496.1	451
MK020497.1	451
MK020498.1	451
MK020499.1	451
MK020500.1	451
MK020501.1	452
MK020502.1	444
MK020503.1	451
MK020504.1	451
MK020505.1	451
MK020514.1	453
MK020515.1	450
MK020516.1	450
MK020518.1	450
MK020519.1	450
MK020520.1	450
MK020521.1	450
MK020522.1	450
MK020523.1	451
MK020524.1	454
MK020525.1	453
MK020526.1	451
MK020527.1	450
MK020528.1	452
MK020529.1	452
MK020530.1	452
MK020531.1	452
MK020532.1	452
MK020534.1	448
MK020535.1	447
MK020536.1	452
MK020537.1	451
MK020538.1	453
MK020541.1	452
MK020547.1	454
MK020548.1	457
MK020552.1	453
MK020562.1	454
MK020567.1	453
MK020568.1	453
MK020569.1	453
MK020570.1	453
MK020572.1	445
MK020573.1	445
MK020574.1	445
MK020575.1	445
MK020576.1	445
MK020577.1	444
MK020579.1	445
MK020580.1	452
MK020581.1	452
MK020582.1	452
MK020583.1	452
MK020584.1	446
MK020585.1	452
MK020587.1	447
MK020588.1	452
MK020589.1	452
MK020590.1	453
MK020591.1	453
MK020592.1	453
MK020593.1	453
MK020594.1	453
MK020595.1	453
MK020596.1	453
MK020597.1	453
MK020598.1	453
MK020599.1	453
MK020600.1	453
MK020602.1	453
MK020603.1	454
MK020604.1	454
MK020605.1	454
MK020606.1	456
MK020608.1	453
MK020609.1	453
MK020610.1	453
MK020611.1	453
MK020612.1	453
MK020613.1	454
MK020614.1	453
MK020615.1	453
MK020617.1	452
MK020618.1	455
MK020619.1	455
MK020620.1	417
MK020621.1	445
MK020622.1	452
MK020623.1	452
MK020624.1	452
MK020626.1	429
MK020627.1	451
MK020630.1	452
MK020633.1	452
MK020634.1	446
MK020635.1	452
MK020636.1	452
MK020638.1	452
MK020639.1	452
MK020643.1	447
MK020644.1	447
MK020645.1	447
MK020646.1	454
MK020647.1	454
MK020648.1	455
MK020649.1	455
MK020650.1	454
MK020651.1	454
MK020652.1	453
MK020653.1	447
MK020655.1	429
MK020656.1	430
MK020658.1	455
MK020660.1	454
MH230002.1	441
MK184566.1	449
MK184567.1	449
MK184568.1	449
MK184571.1	449
MK184572.1	449
MK184573.1	449
MK184574.1	448
MK184575.1	449
MK184576.1	449
MK184577.1	448
MK184596.1	427
MK184598.1	448
MK184600.1	448
MK184602.1	448
MK184603.1	448
MK184604.1	448
MK184605.1	450
MK184605.1	387
MK184606.1	448
MK184606.1	390
MK184609.1	448
MK184610.1	450
MK258151.1	452
MK258154.1	452
MK258156.1	451
MK258157.1	452
MK258158.1	451
MK258161.1	452
MK258162.1	452
MK258163.1	452
MK258164.1	452
MK258165.1	452
MK258167.1	453
MK258169.1	452
KY991605.1	456
OL414876.1	443
OL414877.1	443
OL414878.1	443
OL414879.1	443
OL414880.1	443
OL414881.1	443
OL414891.1	443
MH547512.1	448
LC861411.1	469
LC861412.1	469
LC861413.1	469
EF526409.1	491
KC494651.1	471
MN531364.1	455
MN531376.1	455
KY214939.1	433
MT536232.1	449
OP627758.1	452
MH430228.1	451
MH430229.1	452
MH430230.1	452
MH430231.1	452
MH430232.1	452
MH430233.1	452
MH430234.1	452
MH430235.1	452
MH430238.1	451
MH430239.1	454
MH430240.1	451
MH430242.1	451
MH430243.1	451
MH430244.1	451
MH430245.1	449
MH430246.1	451
MH430248.1	451
MT000942.1	451
MT000955.1	449
KP900376.1	457
KY991913.1	456
PV900948.1	478
PV900951.1	478
MW079311.1	454
MW462543.1	450
PV810087.1	444
ON644430.1	468
MN177612.1	435
MK392130.1	447
AY460428.1	446
AY460430.1	444
AY460441.1	448
AY460445.1	449
AY460446.1	451
AY460448.1	452
AY460450.1	455
AY460451.1	453
AY460460.1	454
AY460461.1	451
AY460468.1	449
AY460469.1	451
AY460470.1	450
AY460472.1	450
AY460473.1	450
AY460475.1	450
AY460476.1	452
AY460478.1	450
AY460483.1	450
AY460484.1	450
AY460490.1	452
AY460491.1	451
AY460564.1	458
AY460565.1	458
AY460567.1	457
AY460568.1	459
JQ730073.1	444
KF821450.1	451
KF821460.1	450
KF821466.1	450
KF821471.1	451
KY991552.1	451
KY991642.1	451
KY991807.1	452
KY991846.1	455
KY992011.1	449
AY460434.1	454
AY460435.1	442
AY460437.1	451
AY460454.1	446
AY460455.1	451
AY460456.1	441
AY460457.1	451
AY460494.1	451
AY460495.1	451
AY460496.1	452
AY460499.1	452
AY460500.1	451
AY460501.1	454
AY460502.1	453
AY460503.1	452
AY460505.1	451
AY460506.1	452
AY460507.1	452
AY460508.1	453
AY460511.1	452
AY460514.1	452
AY460515.1	452
AY460516.1	453
AY460519.1	455
AY460520.1	452
AY460521.1	451
AY460522.1	452
AY460524.1	453
AY460525.1	452
AY460526.1	454
AY460527.1	453
AY460528.1	453
AY460529.1	452
AY460530.1	451
AY460533.1	454
AY460534.1	451
AY460535.1	453
AY460536.1	451
AY460537.1	451
AY460539.1	455
AY460546.1	452
AY460547.1	452
AY460548.1	452
AY460549.1	452
AY460550.1	452
AY460552.1	451
AY460555.1	451
AY460557.1	451
AY460558.1	452
AY460559.1	450
AY460561.1	451
AY460563.1	457
EU055769.1	452
EU055770.1	451
EU055805.1	452
EU055806.1	453
EU055849.1	453
EU069392.1	452
FJ358429.1	451
JQ730102.1	447
JQ730126.1	453
JQ730188.1	451
KF781571.1	456
KF821577.1	452
KF821581.1	451
KF821600.1	452
KF821611.1	452
KF821656.1	452
KF821713.1	453
KF821714.1	453
KF821766.1	440
KX073179.1	451
KY991565.1	451
KY991629.1	445
KY991650.1	449
KY991814.1	451
KY991817.1	441
KY991818.1	451
KY991910.1	441
MH743853.1	452
MH743864.1	452
MH743882.1	454
MK020474.1	451
MK184616.1	445
OP627794.1	441
DQ008850.1	482
PV900322.1	449
MF375756.1	460
MF375764.1	460
ON819585.1	460
ON819594.1	460
ON819595.1	460
ON819599.1	460
JQ730064.1	447
JQ730091.1	449
JQ730092.1	449
JQ730242.1	449
KU501100.1	457
KY991759.1	449
KY991760.1	449
KY991761.1	457
KY991762.1	449
KY991763.1	449
KY991764.1	449
KY991765.1	449
KY991768.1	449
KY991769.1	449
KY991770.1	427
KY991782.1	449
KY991784.1	449
KY991883.1	449
KY991905.1	449
MH743831.1	451
MK184579.1	429
MK184589.1	429
MT536231.1	449
MT536238.1	449
MT536250.1	449
MT536296.1	449
MT536301.1	449
MT536303.1	449
MT536305.1	449
MT536306.1	449
MT536312.1	449
MT536313.1	449
MT536325.1	449
OP627682.1	449
OP627691.1	449
OP627694.1	449
OP627696.1	449
OP627698.1	449
OP627705.1	449
OP627706.1	449
OP627726.1	449
OP627727.1	449
OP627749.1	449
OP627782.1	449
OP627787.1	449
OP627789.1	449
OP627790.1	449
MH370812.1	436
MF375772.1	460
X86880.1	448
KY700351.1	469
KY700352.1	469
MH813029.1	393
MN095646.1	455
OM060344.1	448
OM060347.1	448
PP230043.1	478
MK617540.1	449
MK617542.1	449
KY700230.1	472
MT536234.1	449
MT536235.1	449
MT536240.1	449
MT536242.1	449
MT536244.1	449
MT536246.1	449
MT536247.1	449
MT536252.1	449
MT536253.1	449
MT536254.1	449
MT536256.1	449
MT536257.1	449
MT536258.1	449
MT536261.1	449
MT536262.1	449
MT536263.1	449
MT536264.1	449
MT536265.1	449
MT536266.1	449
MT536269.1	449
MT536270.1	449
MT536272.1	449
MT536273.1	449
MT536274.1	449
MT536275.1	449
MT536276.1	449
MT536277.1	452
MT536278.1	449
MT536279.1	449
MT536281.1	449
MT536282.1	449
MT536283.1	449
MT536291.1	449
MT536297.1	449
MT536298.1	449
MT536299.1	449
MT536302.1	449
MT536309.1	449
MT536315.1	449
MT536316.1	449
MT536317.1	449
MT536318.1	449
MT536321.1	449
MT536323.1	449
MT536324.1	449
MT536326.1	449
MT536327.1	449
MT536328.1	449
MT536329.1	449
MT536330.1	449
MT536331.1	449
MT536333.1	449
MT536339.1	449
OP627735.1	449
OP627740.1	449
OP627743.1	449
OP627756.1	449
OP627759.1	449
OP627760.1	449
OP627761.1	449
OP627763.1	449
OP627764.1	449
OP627769.1	449
OP627771.1	449
OP627772.1	449
OP627773.1	449
OP627774.1	449
OP627777.1	449
OR594021.1	443
MT536222.1	449
MT536239.1	449
MT536248.1	449
MT536251.1	449
MT536280.1	449
MT536284.1	449
MT536285.1	449
MT536286.1	449
MT536287.1	449
MT536288.1	449
MT536289.1	449
MT536290.1	449
MT536292.1	449
MT536293.1	449
MT536294.1	449
MT536295.1	449
MT536310.1	449
MT536311.1	449
MT536314.1	449
MT536319.1	453
MT536320.1	449
MT536322.1	450
MT536334.1	449
MT536337.1	449
MT536340.1	449
MT536341.1	449
MT583479.1	413
OP627738.1	449
OP627746.1	449
OP627750.1	449
OP627755.1	452
OP627757.1	415
OP627765.1	449
OP627767.1	449
OP627775.1	449
OP627784.1	449
OP627793.1	449
KP858806.1	451
KP858807.1	455
KP858810.1	456
KP858811.1	455
MT661615.1	454
MT777703.1	440
PP647894.1	482
OR199471.1	450
JQ730194.1	451
MT000922.1	452
MT000938.1	452
MT000939.1	451
MT000953.1	448
MT000956.1	441
PP230054.1	479
MK295085.1	453
MT104823.1	471
AY460479.1	451
JQ730080.1	444
JQ730107.1	448
JQ730151.1	449
KC295079.1	453
KC295082.1	453
KC295083.1	453
KP858792.1	473
KU161129.1	476
KY991566.1	444
KY991582.1	456
KY991586.1	456
KY991726.1	448
KY991819.1	450
OL414886.1	444
OL414872.1	443
OL414873.1	443
HG996867.1	469
LC610888.1	455
OR223225.1	441
JF461344.1	470
JF461345.1	470
JF976614.1	470
JF976615.1	470
JF976616.1	470
JF976617.1	470
JF976618.1	470
JF976619.1	468
MT104819.1	467
MT104821.1	467
MT104826.1	467
MT104827.1	467
MT104830.1	471
MT104832.1	467
MT104833.1	467
MT104835.1	467
MT104836.1	468
MT104837.1	471
MT104838.1	471
MZ063562.1	448
MZ063563.1	450
MZ063568.1	448
MZ063614.1	448
MZ063615.1	448
MZ063617.1	448
MZ063618.1	448
MZ063619.1	458
MZ063621.1	448
MZ063623.1	448
MZ063628.1	457
MZ063629.1	457
MZ063632.1	448
MZ063633.1	448
MZ063673.1	457
MZ063674.1	448
MZ063675.1	457
MZ063676.1	448
MZ063678.1	448
MZ063679.1	448
PP232121.1	455
PV810002.1	448
PV810073.1	448
OR593998.1	444
OR594004.1	444
OR594006.1	444
OR594022.1	444
OR594025.1	444
OR594026.1	443
OR594044.1	444
MH430241.1	451
MN531373.1	455
MT000929.1	451
MT000943.1	451
MT000950.1	451
MT000952.1	451
MN719101.1	439
MZ468559.1	461
JQ730245.1	449
MW462487.1	450
MW462488.1	450
MW462524.1	405
MW462545.1	450
MW462498.1	361
MW462505.1	450
MW462511.1	449
MW462512.1	450
MW462513.1	450
MW462514.1	450
MW462515.1	450
MW462516.1	450
MW462517.1	449
MW462518.1	450
MW462522.1	441
MW462523.1	450
MW462525.1	450
MW462532.1	450
MW462533.1	450
MW462534.1	450
MW462535.1	450
MW462536.1	449
MW462537.1	450
MW462546.1	450
MW462549.1	454
MW462551.1	442
MW462552.1	456
OP627737.1	449
MZ926942.1	454
PV900771.1	452
EU055653.1	450
EU055655.1	450
EU055659.1	452
EU055861.1	451
KF821437.1	452
KY991533.1	449
AY460482.1	450
EU055669.1	450
KF821455.1	450
OL414844.1	444
OL414845.1	445
OL414846.1	447
OL414853.1	444
OL414854.1	445
OL414857.1	420
OL414858.1	447
OL414859.1	445
OL414860.1	447
OL414863.1	445
OL414867.1	444
OL414868.1	444
OL414870.1	443
OL414871.1	444
OL414882.1	443
OL414883.1	424
OL414884.1	445
OL414887.1	437
OL414889.1	442
OL414890.1	442
OL414893.1	446
OL414894.1	446
OL414898.1	445
OL414902.1	445
OL414903.1	445
OL414904.1	445
OL414907.1	436
OL414908.1	444
OL414909.1	444
OL414910.1	437
OL414911.1	444
OL414912.1	447
OL415178.1	457
MH547498.1	447
LC656560.1	470
OL677459.1	464
OM060345.1	448
OM060348.1	448
MW399250.1	468
MW399251.1	468
MW399252.1	468
MW399253.1	468
MW399254.1	468
MW399255.1	468
MW399270.1	468
MW399271.1	468
MW399272.1	468
MW399273.1	468
MW399385.1	468
MW399386.1	468
MW399388.1	468
PV750797.1	460
PV750798.1	460
MH547485.1	431
OR594046.1	432
PV750799.1	462
PV750800.1	463
ON512680.1	469
ON512681.1	469
ON512682.1	469
ON512683.1	469
ON512684.1	469
ON512685.1	469
ON512704.1	469
ON512705.1	469
ON512706.1	469
ON512707.1	469
ON512708.1	469
ON512709.1	469
ON512710.1	469
ON512711.1	469
ON512712.1	469
JF978688.1	467
JF978689.1	466
KC511498.1	467
KX394640.1	466
LC714810.1	450
LC714811.1	450
LC714821.1	450
LC714832.1	452
LC714833.1	449
LC714834.1	450
LC714835.1	450
LC714836.1	450
EF526383.1	463
EF526407.1	428
OR594005.1	443
KY700395.1	439
LC720662.1	434
LC720663.1	434
LC720664.1	434
LC720665.1	434
LC720666.1	434
LC720667.1	434
LC720668.1	434
LC720669.1	434
LC720670.1	434
OP090082.1	455
OP090083.1	453
OP090104.1	454
OP090111.1	455
OP090115.1	456
LC714822.1	450
LC714823.1	450
LC714824.1	450
LC714825.1	450
OP627685.1	449
OP627709.1	449
OP627716.1	449
OP627717.1	449
OP627718.1	449
OP627720.1	449
OP627723.1	452
OP627736.1	449
OP627739.1	449
OP627742.1	449
OP627752.1	449
OP627754.1	449
OP627762.1	449
OP627768.1	452
OP627776.1	449
OP627778.1	449
OP627779.1	449
OP627780.1	449
OP627781.1	449
OP627792.1	449
OP627703.1	449
OP627707.1	449
OP627715.1	449
OP627745.1	449
OP627751.1	449
OP627766.1	449
AY775231.1	468
AY775232.1	468
AY775233.1	467
AY775234.1	468
AY775235.1	467
AY775236.1	467
AY775237.1	470
AY775238.1	468
AY775239.1	469
AY775240.1	469
AY775241.1	468
AY775242.1	470
AY775243.1	470
AY775246.1	470
JF978775.1	470
JF978776.1	470
JF978777.1	470
JF978778.1	470
KJ719923.1	470
KX394657.1	470
MH808682.1	470
AY775244.1	470
AY775247.1	475
AY775248.1	473
AY775249.1	475
AY775250.1	475
AY775251.1	473
AY775253.1	474
AY775254.1	475
AY775256.1	468
AY775257.1	468
GU945041.1	474
JF976611.1	470
JF976612.1	470
JF976613.1	470
JF978655.1	482
JF978656.1	482
JF978716.1	478
JF978717.1	478
JF978755.1	472
JF978756.1	472
KX394655.1	472
PZ111822.1	450
EU055862.1	451
KF821410.1	452
KF821746.1	451
MH547540.1	478
AY460554.1	451
AY460560.1	451
EU055895.1	451
EU055863.1	454
GQ139309.1	451
KF821737.1	451
KR062572.1	451
KR062573.1	451
KR062578.1	451
AY460540.1	451
EU055685.1	451
EU055687.1	451
EU055688.1	451
KF821493.1	451
KF821494.1	451
KF821519.1	451
KR062485.1	451
KR062486.1	451
KR062489.1	451
KR062494.1	451
KR062495.1	451
KR062517.1	451
KR062518.1	451
KR062519.1	451
KR062528.1	451
KR062531.1	451
AY460486.1	448
EU055689.1	451
EU055695.1	452
EU055698.1	451
EU055699.1	451
KF821474.1	451
KF821503.1	451
KF821507.1	451
KF821508.1	451
KF821510.1	451
KF821516.1	452
KR062522.1	451
KR062523.1	451
KR062526.1	451
KR062529.1	451
KR062530.1	451
KR062535.1	451
KR062541.1	451
KR062549.1	451
KR062550.1	451
KR062562.1	451
KR062563.1	451
KR062567.1	451
KY991805.1	452
PV990277.1	473
PV990278.1	475
PV990282.1	466
OR068390.1	450
OR068391.1	450
OR083142.1	112
OR199559.1	464
OR257830.1	460
OR271873.1	444
OR271876.1	449
OR271877.1	451
OR271880.1	449
OR271882.1	450
OR271883.1	450
OR271884.1	331
OR271885.1	449
PV990285.1	466
OR593999.1	438
OR594001.1	444
OR594008.1	445
OR594015.1	444
OR594039.1	444
PV760948.1	460
PV760949.1	460
PV760950.1	460
LC714807.1	450
LC714808.1	450
LC714809.1	450
MH602352.1	458
MH602354.1	457
MH602355.1	458
MH602356.1	458
MH602357.1	458
MH602358.1	458
MH602359.1	458
MH602360.1	458
MH602361.1	458
MH602362.1	457
MH602363.1	458
MH602364.1	423
MH602366.1	458
MH602368.1	458
MH602369.1	458
MH602370.1	457
MH602371.1	457
MH602373.1	458
MH602374.1	458
MH602375.1	458
MH602376.1	458
MH602377.1	457
MH602378.1	458
MH602379.1	423
MH602381.1	458
MH602383.1	458
PV819811.1	473
PV809672.1	470
PP230039.1	482
PP230052.1	486
PP230053.1	480
PP430641.1	435
PV809997.1	438
MN531359.1	455
MN531360.1	455
MN531361.1	455
MN531362.1	455
MN531367.1	455
MN531374.1	455
KU350183.1	457
LC610873.1	454
LC610874.1	454
KX534370.1	458
KC420491.1	443
KP858777.1	455
AY673059.1	458
AY673060.1	460
LC861375.1	469
LC861376.1	469
LC861377.1	469
LC861378.1	469
LC861379.1	469
LC861380.1	469
LC861381.1	469
LC861382.1	469
LC861383.1	469
LC861420.1	469
LC861421.1	469
LC861422.1	469
PQ195666.1	461
DQ008841.1	474
DQ008842.1	475
DQ008843.1	469
DQ008847.1	469
DQ008853.1	483
KY215062.1	460
AB675710.1	455
AB675711.1	456
Y16892.1	462
ON644431.1	468
LC843504.1	481
MH813148.1	378
MH813150.1	377
AB972354.1	477
KC494660.1	465
KC494661.1	465
KC494665.1	465
KC494666.1	465
KC494667.1	465
KT290664.1	467
KT290665.1	467
KC494671.1	465
KC494672.1	465
KM980520.1	467
KM980521.1	467
KJ888520.1	451
LC861360.1	469
LC861361.1	469
LC861362.1	469
LC861363.1	469
LC861364.1	469
LC861365.1	469
LC861366.1	469
LC861367.1	469
LC861368.1	469
LC861384.1	469
LC861385.1	469
LC861386.1	469
LC861399.1	469
LC861400.1	469
LC861401.1	469
KC295066.1	453
KC295068.1	453
KC295072.1	453
PV809973.1	438
PV821430.1	450
PV821431.1	450
KP858787.1	434
MW748066.1	483
MW748067.1	480
PZ627673.1	471
PX586484.1	456
PX586485.1	456
KC332217.1	460
MN531378.1	455
MN531366.1	455
MN531377.1	457
MH813183.1	395
MN719110.1	437
KJ158059.1	446
PP658427.1	456
MH547547.1	455
KM875621.1	416
KM875622.1	416
KM875623.1	416
KM875625.1	416
KM875626.1	416
KM875627.1	416
KM875629.1	416
X86847.1	448
LM997529.1	452
KU525649.1	451
KU525650.1	452
KU525651.1	452
KU525652.1	452
KU525654.1	452
KU525655.1	453
KU525656.1	452
KU525657.1	452
KU525660.1	453
KU525661.1	452
KU525662.1	452
KU525663.1	452
KU525665.1	452
KU525666.1	453
KU525667.1	453
KU525668.1	452
KU525669.1	452
KU525670.1	452
EF526404.1	453
KC494685.1	464
KC494686.1	465
KC494687.1	465
KY700470.1	447
LC843458.1	473
LC843459.1	473
LC843460.1	473
LC843461.1	473
LC843462.1	473
LC843463.1	473
LC843464.1	473
LC843465.1	473
LC843466.1	473
LC843467.1	473
LC843469.1	473
LC843470.1	473
LC843471.1	473
LC843472.1	473
LC843473.1	473
LC843474.1	473
LC843475.1	473
LC843476.1	473
LC843477.1	473
LC843478.1	473
LC843479.1	473
LC843480.1	473
LC843481.1	473
LC843482.1	474
LC843483.1	474
LC843484.1	473
LC843485.1	473
LC843486.1	473
LC843487.1	473
LC843488.1	473
LC843489.1	473
LC843490.1	473
LC843491.1	473
LC843492.1	473
LC843493.1	473
LC843494.1	473
LC843495.1	473
LC843496.1	473
LC843497.1	473
LC843498.1	473
LC843499.1	473
LC843500.1	473
LC843501.1	473
LC843502.1	473
LC843503.1	473
MK049257.1	447
MK429994.1	450
MK429995.1	450
MK429996.1	450
MK429997.1	450
MK429998.1	450
MK429999.1	450
MK430000.1	450
MK430001.1	450
MK430002.1	450
MK430003.1	450
MK430004.1	450
MK430005.1	450
OR717487.1	475
PZ343113.1	416
PZ394585.1	462
OK483490.1	416
OK563063.1	416
OK623381.1	416
OK623382.1	416
OK623385.1	416
OK623393.1	416
OK623396.1	416
OK623397.1	416
PX833556.1	416
PX833569.1	416
PX833573.1	416
PX833574.1	416
PX833577.1	416
PX833585.1	416
PX833588.1	416
PX833589.1	416
MH813137.1	426
MH813137.1	450
PZ539346.1	476
PZ539347.1	442
PZ539348.1	472
PQ836331.1	437
AB972355.1	469
KF821522.1	450
KY991908.1	450
KC494668.1	465
KC494669.1	465
KC494670.1	465
KP718470.1	450
KP718471.1	450
KP718432.1	450
KP718433.1	450
KP718434.1	450
KP718435.1	450
KP718436.1	450
KP718437.1	450
KP718438.1	450
KP718464.1	450
MN153770.1	461
AB972353.1	479
AF156675.2	453
KC494673.1	470
KC494674.1	470
PP230034.1	484
MZ413813.1	442
KY700392.1	425
MN531365.1	455
JN617206.1	445
MW345612.1	445
X86865.1	448
KY860933.1	472
PV990275.1	473
PV990276.1	473
PV990279.1	473
PV990280.1	473
PV990281.1	473
PV990284.1	472
PV990287.1	472
PV990290.1	472
JN617201.1	439
X17535.1	437
EU055760.1	452
MK020657.1	452
KC591663.1	458
MT622824.1	457
X86896.1	443
JX975671.1	440
JX975672.1	440
JX975673.1	440
JX975674.1	440
MH547501.1	470
PP595897.1	461
PP595900.1	461
PP595902.1	461
PP595906.1	461
PP595907.1	461
PP595908.1	461
PP595910.1	461
PP595911.1	461
JQ730181.1	449
X86875.1	448
X86892.1	447
X86894.1	447
X86895.1	451
X86900.1	451
X86830.1	447
X86848.1	448
X86853.1	446
X86860.1	449
X86898.1	449
X86851.1	450
X86859.1	447
OM060341.1	448
X86826.1	448
X86829.1	447
X86849.1	450
X86852.1	446
X86856.1	447
X86861.1	448
X86872.2	449
X86874.1	448
X86884.1	447
X86885.1	447
X86887.1	447
X86831.1	448
X86878.1	448
X86890.1	447
AB675713.1	455
JQ730089.1	449
JQ730119.1	449
JQ730136.1	456
OP627730.1	448
EF526386.1	465
X17534.1	454
KY700367.1	444
MH813132.1	431
MH813133.1	439
MW079309.1	445
MH813208.1	400
PX852325.1	437
PX852329.1	437
PX852330.1	437
PX852331.1	437
PX852333.1	437
PX852335.1	438
PX852338.1	439
MN824877.1	446
MN824878.1	446
MN824879.1	446
MN824880.1	446
MN824881.1	446
MN824882.1	446
MN824883.1	446
MN824884.1	446
MN824885.1	446
MN824886.1	446
MN824887.1	446
MN824888.1	446
MN824889.1	446
MN824890.1	446
MN824891.1	446
MN824892.1	446
MN824893.1	446
MN824894.1	446
MN824895.1	446
MN824896.1	446
MN824897.1	446
MN824898.1	446
MN824899.1	446
MN824900.1	446
MN824901.1	446
MN824902.1	446
MN824903.1	446
MN824904.1	446
MN824905.1	446
MN824906.1	446
MN824907.1	446
MN824908.1	446
MN824909.1	446
MN824910.1	446
MN824911.1	446
MN824912.1	446
MN824913.1	446
MN824914.1	446
MN824915.1	446
MN824916.1	446
MN824917.1	446
MN824918.1	446
MN824919.1	446
MN824920.1	446
MN824921.1	446
MN824922.1	446
MN824923.1	446
MN824924.1	446
MN824925.1	446
MN824926.1	446
MN824927.1	446
MN824928.1	446
MN824929.1	446
MN824930.1	446
MN824931.1	446
MN824932.1	446
MN824933.1	446
MN824934.1	446
MN824935.1	446
MN824936.1	446
MN824937.1	446
MN824938.1	446
MN824939.1	446
MN824940.1	446
MN824943.1	446
MN824944.1	446
OR594049.1	448
OL774773.1	435
JQ730134.1	453
KY991879.1	453
OK447718.1	455
OP627729.1	448
X86893.1	446
OM060349.1	450
OM060353.1	448
OM060354.1	448
X86876.1	447
MH669196.1	448
MH669197.1	448
MH669204.1	448
MH669208.1	448
MH669222.1	447
MH669223.1	448
MH669228.1	448
MH669195.1	448
MH669199.1	448
MH669200.1	448
MH669202.1	448
MH669206.1	448
MH669207.1	448
MH669209.1	448
MH669211.1	448
MH669214.1	448
MH669215.1	448
MH669216.1	449
MH669219.1	448
MH669220.1	448
MH669221.1	448
MH669225.1	441
MH669229.1	448
MK020578.1	445
KX108699.1	447
AB972351.1	479
EF418819.1	450
EF418823.1	452
EF418862.1	450
EF418917.1	450
GQ139302.1	451
GQ139303.1	451
GQ139304.1	452
GQ139313.1	261
KF821499.1	451
KF821506.1	451
KF821548.1	454
KF821551.1	452
KF821554.1	454
KF821601.1	451
KF821620.1	453
KF821635.1	454
KF821647.1	449
KF821691.1	451
KF821720.1	452
KR062482.1	442
KR062483.1	451
KR062521.1	451
KR062539.1	451
KR062540.1	451
KR062547.1	451
KR062548.1	451
KR062555.1	452
KR062561.1	451
KR062564.1	451
KR062577.1	451
KY991541.1	455
KY991610.1	455
KY991680.1	451
KY992001.1	451
MF953151.1	452
MH743833.1	443
MH743834.1	442
MH743840.1	454
MH743861.1	452
MH743863.1	451
MH743866.1	450
MK020484.1	451
MH813116.1	174
ON512713.1	469
ON512714.1	469
ON512715.1	469
KU350165.1	434
KU350181.1	456
KU350184.1	448
KY700418.1	443
MF375758.1	443
MF375759.1	443
OR640669.1	449
PX586488.1	456
PX586489.1	456
EF526389.1	472
EF526363.1	450
EF526364.1	450
EF526365.1	450
EF526397.1	450
EF526398.1	450
EF526401.1	492
PV901616.1	460
KC904097.1	437
JX546294.1	434
JX546295.1	435
EF526384.1	479
EF526394.1	442
EF526395.1	453
KF821409.1	451
DQ008848.1	484
DQ008852.1	483
KJ888531.1	451
KJ888532.1	451
KJ888533.1	451
AY673056.1	452
KU244129.1	455
KU244130.1	455
KU244131.1	455
KX689347.1	464
KP900410.1	457
GU968795.1	457
GU968800.1	456
KF781569.1	455
KF781572.1	457
KF500509.1	424
KF500510.1	426
MH712548.1	451
KP718455.1	450
KP718475.1	448
EU055736.1	448
KU350169.1	448
KU350173.1	460
KU350174.1	449
MN153769.1	446
AY673067.1	449
KY214933.1	456
KY700453.1	446
AY673057.1	453
KY214929.1	441
KY215033.1	461
AY673073.1	448
KY214941.1	433
HM590387.1	476
MW399365.1	468
MW399366.1	468
MW399367.1	468
MW399387.1	468
KC511481.1	447
OP090110.1	453
EU055648.1	451
EU055649.1	451
EU055652.1	452
EU055654.1	451
EU055656.1	453
EU055657.1	451
EU055658.1	453
EU055660.1	450
EU055661.1	451
EU055662.1	453
EU055663.1	452
EU055664.1	452
EU055665.1	450
EU055666.1	450
EU055667.1	451
EU055668.1	451
EU055670.1	453
EU055671.1	453
EU055672.1	451
EU055673.1	451
EU055675.1	450
EU055676.1	454
EU055677.1	451
EU055678.1	451
EU055679.1	452
EU055680.1	451
EU055681.1	451
EU055682.1	441
EU055683.1	448
EU055684.1	453
EU055686.1	451
EU055690.1	451
EU055691.1	452
EU055692.1	452
EU055693.1	451
EU055694.1	451
EU055696.1	452
EU055697.1	451
EU055700.1	451
EU055701.1	451
EU055702.1	451
EU055703.1	451
EU055704.1	451
EU055706.1	451
EU055707.1	441
EU055709.1	429
EU055710.1	455
EU055713.1	451
EU055714.1	454
EU055715.1	453
EU055716.1	452
EU055717.1	454
EU055718.1	452
EU055719.1	452
EU055720.1	453
EU055721.1	447
EU055722.1	452
EU055723.1	453
EU055724.1	453
EU055725.1	451
EU055726.1	453
EU055727.1	448
EU055728.1	451
EU055729.1	454
EU055730.1	454
EU055731.1	452
EU055732.1	454
EU055733.1	444
EU055734.1	454
EU055735.1	455
EU055737.1	452
EU055738.1	454
EU055739.1	453
EU055740.1	448
EU055742.1	453
EU055743.1	452
EU055745.1	452
EU055746.1	453
EU055748.1	452
EU055749.1	454
EU055750.1	454
EU055751.1	454
EU055752.1	454
EU055753.1	452
EU055754.1	452
EU055755.1	453
EU055756.1	452
EU055757.1	455
EU055758.1	452
GQ139307.1	448
KF821578.1	452
KF821627.1	448
KR062480.1	451
KR062507.1	451
KR062520.1	452
KR062556.1	451
KR062560.1	450
KY991658.1	452
KY991917.1	448
KY991918.1	441
KY992004.1	453
MH743837.1	454
MH743842.1	454
MH743844.1	454
MH743849.1	454
MH743850.1	454
MK020616.1	452
MK020628.1	451
MK184599.1	448
EU055711.1	452
EU055712.1	454
EU055747.1	453
EU055759.1	453
EU055761.1	454
EU055763.1	452
EU055765.1	429
EU055766.1	452
EU055767.1	454
EU055768.1	453
EU055771.1	448
EU055772.1	454
EU055773.1	450
EU055774.1	455
EU055775.1	453
EU055776.1	451
EU055777.1	452
EU055778.1	452
EU055779.1	452
EU055780.1	455
EU055781.1	453
EU055782.1	454
EU055783.1	448
EU055784.1	454
EU055785.1	451
EU055786.1	452
EU055787.1	453
EU055789.1	448
EU055790.1	452
EU055792.1	454
EU055793.1	452
EU055794.1	452
EU055795.1	452
EU055796.1	448
EU055797.1	454
EU055798.1	452
EU055799.1	452
EU055800.1	454
EU055801.1	433
EU055802.1	453
EU055803.1	450
EU055804.1	453
EU055807.1	452
EU055808.1	455
EU055809.1	451
EU055810.1	454
EU055811.1	453
EU055812.1	452
EU055813.1	454
EU055814.1	455
EU055815.1	452
EU055816.1	451
EU055817.1	451
EU055818.1	452
EU055819.1	454
EU055821.1	454
EU055822.1	448
EU055823.1	451
EU055824.1	448
EU055825.1	453
EU055826.1	448
EU055827.1	448
EU055828.1	454
EU055830.1	452
EU055831.1	445
EU055832.1	452
EU055833.1	452
EU055834.1	451
EU055835.1	454
EU055836.1	447
EU055837.1	452
EU055838.1	452
EU055840.1	452
EU055841.1	452
EU055842.1	452
EU055843.1	455
EU055844.1	452
EU055845.1	452
EU055846.1	452
EU055847.1	452
EU055848.1	449
EU055850.1	452
EU055851.1	448
EU055852.1	452
EU055853.1	452
EU055854.1	452
EU055855.1	449
EU055857.1	454
EU055858.1	454
EU055859.1	452
EU055860.1	453
EU055865.1	451
EU055867.1	453
EU055868.1	455
EU055871.1	451
EU055886.1	451
EU055887.1	450
EU055896.1	451
EU055897.1	452
GQ139311.1	451
KF821606.1	454
KF821615.1	452
KF821628.1	453
KF821637.1	452
KF821640.1	452
KF821652.1	450
KF821653.1	450
KF821676.1	455
KF821722.1	452
KR062585.1	451
KX073155.1	452
KX073171.1	445
KY991812.1	452
MF953158.1	448
MF953159.1	448
MF953160.1	448
MF953162.1	449
MH743851.1	453
MH743852.1	453
MH743859.1	454
MH743860.1	448
MH743865.1	454
MH743869.1	452
MH743870.1	454
MH743876.1	454
MK020607.1	453
MK020629.1	452
MK020637.1	452
MK020659.1	454
JN617189.1	444
JQ710980.1	466
JQ710981.1	466
JQ710982.1	466
KC511517.1	466
KY991559.1	455
MK049255.1	473
MW399315.1	468
MW399316.1	468
MW399317.1	468
MW399362.1	468
MW399363.1	468
MW399364.1	468
KT151668.1	470
LC610891.1	454
LC610893.1	454
JF461352.1	466
JF978668.1	466
JF978669.1	466
JF978670.1	467
JF978671.1	467
JF978672.1	466
KJ719922.1	467
KX394637.1	467
KX394638.1	470
KC295080.1	453
KC295081.1	453
KC295087.1	452
OP090093.1	454
OP090101.1	450
OP090103.1	454
OP090107.1	452
OP090114.1	454
PX765029.1	443
PX765030.1	443
MW399376.1	468
MW399377.1	468
MW399378.1	468
KC441019.1	441
KC441020.1	440
MZ063564.1	459
MZ063565.1	463
MZ063566.1	459
MZ063567.1	459
MZ063570.1	457
MZ063573.1	457
MZ063574.1	457
MZ063576.1	457
MZ063577.1	459
MZ063578.1	457
MZ063579.1	457
MZ063580.1	457
MZ063581.1	458
MZ063582.1	460
MZ063583.1	457
MZ063584.1	459
MZ063585.1	457
MZ063586.1	458
MZ063587.1	457
MZ063588.1	457
MZ063589.1	457
MZ063590.1	457
MZ063591.1	457
MZ063592.1	457
MZ063593.1	457
MZ063594.1	458
MZ063595.1	457
MZ063596.1	457
MZ063597.1	458
MZ063598.1	457
MZ063599.1	457
MZ063600.1	457
MZ063601.1	458
MZ063602.1	457
MZ063603.1	457
MZ063604.1	457
MZ063605.1	457
MZ063606.1	457
MZ063607.1	458
MZ063608.1	457
MZ063609.1	457
MZ063610.1	457
MZ063613.1	458
MZ063616.1	457
MZ063620.1	459
MZ063622.1	456
MZ063624.1	457
MZ063627.1	457
MZ063630.1	457
MZ063631.1	457
MZ063634.1	458
MZ063635.1	460
MZ063636.1	457
MZ063569.1	457
MZ063571.1	457
MZ063572.1	457
MZ063575.1	457
MZ063611.1	458
MZ063612.1	457
MZ063625.1	457
MZ063626.1	458
MZ063638.1	457
MZ063639.1	458
MZ063640.1	457
MZ063641.1	459
MZ063642.1	457
MZ063643.1	457
MZ063644.1	457
MZ063645.1	457
MZ063646.1	457
MZ063647.1	457
MZ063648.1	456
MZ063649.1	455
MZ063650.1	457
MZ063651.1	457
MZ063652.1	457
MZ063653.1	457
MZ063655.1	457
MZ063657.1	457
MZ063658.1	457
MZ063659.1	457
MZ063663.1	457
MZ063666.1	457
MZ063667.1	460
MZ063668.1	459
MZ063669.1	460
MZ063677.1	457
MZ063680.1	457
MZ063681.1	457
MZ063682.1	457
KY700486.1	454
KM875624.1	417
KM875628.1	416
KP900424.1	466
PX249813.1	456
PX249814.1	456
PX249815.1	456
JF978660.1	469
JF978661.1	470
JF978662.1	470
KC511493.1	469
KJ400864.1	470
MH602351.1	457
MH602384.1	457
MH602385.1	457
MH602386.1	457
MH602387.1	457
MH602388.1	457
MH602390.1	457
MH602391.1	457
MH602392.1	457
MH602393.1	457
MH602394.1	457
MH602395.1	457
MH602396.1	457
MH602397.1	457
MH602398.1	457
MH602399.1	457
MH602400.1	457
MH602401.1	463
MH602401.1	24
AB972336.1	475
HM590370.1	475
OM060343.1	448
GU726292.1	450
JX546292.1	434
KC441023.1	456
KC441024.1	435
KC441025.1	435
MK258694.1	458
MK258700.1	458
MK258713.1	458
KX108698.1	453
OK667226.1	455
OR594048.1	456
PV750801.1	460
PV750802.1	460
KY700226.1	464
X86882.1	447
X86889.1	448
DQ008846.1	475
DQ008849.1	475
EF526378.1	502
EF526379.1	502
EF526380.1	502
EF526381.1	502
EF526382.1	502
KU350163.1	455
PV809969.1	445
GU968787.1	458
JQ730093.1	449
JQ730095.1	453
JQ730121.1	450
KF781575.1	458
KF821756.1	452
KF821757.1	453
KF821758.1	451
KY991486.1	452
KY991799.1	449
KY991815.1	452
MH743832.1	453
JF461355.1	466
JF978718.1	466
JF978719.1	466
JF978720.1	466
JQ710983.1	466
JQ710984.1	466
JQ710985.1	466
JQ710986.1	466
JQ710987.1	466
JQ710988.1	466
JQ710989.1	466
JQ710990.1	466
JQ710991.1	466
JQ710992.1	466
KJ719920.1	466
AB972352.1	480
MH813124.1	368
PV698247.1	482
PV698248.1	482
PV698249.1	482
PV698252.1	483
PV698253.1	483
PV698250.1	482
PV698251.1	482
PV698254.1	482
PV698255.1	482
OR594000.1	444
OR594040.1	444
OR594047.1	444
KY214932.1	445
JF978703.1	466
JF978704.1	466
KC511499.1	466
OR594037.1	443
JF461347.1	466
JF461348.1	466
JF461349.1	466
JF978642.1	466
JF978643.1	466
JF978644.1	466
KC511482.1	447
KC511485.1	449
KC511486.1	466
KC511487.1	466
KC511488.1	466
KF782897.1	466
KF782898.1	466
KF782899.1	466
KF782900.1	466
KF782928.1	468
KF818394.1	448
KJ719924.1	466
KJ719925.1	466
KJ719926.1	466
KJ719927.1	466
KJ719928.1	466
KJ719929.1	466
KJ719930.1	466
KJ719931.1	466
KJ719932.1	466
KJ719933.1	466
KJ719934.1	466
KJ719935.1	468
KJ719936.1	468
KJ719937.1	466
KJ719938.1	466
KJ719939.1	466
KJ719940.1	466
KJ719941.1	466
KJ719942.1	466
KJ719943.1	466
KJ719944.1	466
KJ719945.1	466
KX394635.1	466
KX394636.1	466
KF782901.1	466
KF782902.1	466
KF782903.1	466
KF782904.1	466
KF782905.1	466
KF782906.1	466
KF782907.1	466
KF782908.1	466
KF782909.1	466
KF782910.1	466
KF782911.1	466
KF782912.1	466
KF782913.1	466
KF782914.1	466
KF782915.1	466
KF782916.1	466
KF782917.1	466
KF782918.1	466
KF782919.1	466
KF782920.1	466
KF782921.1	466
KF782922.1	466
KF782923.1	466
KF782924.1	466
KF782925.1	466
KF782926.1	466
KF782927.1	466
KF805342.1	466
JQ730154.1	450
JQ730155.1	450
JQ730191.1	449
JQ730228.1	449
EF526396.1	465
KC494652.1	465
KC494653.1	465
KC494654.1	465
KC494655.1	465
KC494656.1	465
KC494675.1	465
KC494676.1	465
KC494677.1	465
KJ734669.1	467
KJ734670.1	467
KJ734671.1	467
KJ734672.1	467
KM980518.1	467
KT290660.1	467
KT290661.1	467
KT290662.1	467
KT290663.1	467
JX546290.1	435
JX546291.1	435
JX546293.1	434
MH813031.1	398
PV349949.1	453
PV349950.1	453
PV349951.1	453
FJ358430.1	452
PQ475874.1	453
PQ475875.1	453
KX500077.1	446
KX500082.1	446
KX500084.1	446
KX500091.1	446
KJ888501.1	451
KJ888515.1	451
KP858778.1	448
MH547481.1	415
MH547537.1	437
LC610875.1	448
MK132917.1	450
KF821604.1	453
KF821624.1	452
KF821663.1	453
OP070065.1	454
KU244118.1	456
KU244119.1	456
KU244120.1	456
LC656562.1	440
PQ007634.1	447
JF978699.1	469
JF978700.1	469
JF978701.1	469
JF978702.1	469
KX394646.1	469
MH808673.1	469
MH808674.1	469
JF978757.1	467
JF978758.1	467
MZ191009.1	446
KF694806.1	453
GQ139305.1	451
GQ139306.1	451
GQ139308.1	454
GQ139310.1	451
GQ139315.1	451
JQ730222.1	449
KR062583.1	451
KR062587.1	451
KY991979.1	451
JQ710997.1	470
KC511515.1	470
KJ719919.1	470
KX534378.1	459
KY492292.1	459
KY492293.1	459
MW399256.1	468
MW399257.1	468
MW399258.1	468
MW399259.1	468
MW399260.1	468
MW399261.1	468
MW399262.1	468
MW399263.1	468
MW399264.1	468
MW399265.1	468
MW399266.1	468
MW399267.1	468
MW399269.1	468
KC591662.1	456
JF461354.1	451
KC511491.1	451
KC511495.1	470
LC610876.1	455
LC610890.1	454
GU968790.1	456
GU968791.1	456
GU968792.1	458
GU968793.1	456
GU968794.1	456
GU968796.1	457
GU968797.1	457
GU968802.1	457
GU968803.1	456
KF781567.1	458
KF781568.1	457
KY991551.1	449
KY991606.1	456
KY991976.1	457
KJ888492.1	458
KJ888494.1	458
KJ888511.1	458
KJ888513.1	458
KJ888486.1	453
KJ888488.1	451
KJ888489.1	453
KJ888490.1	452
KJ888493.1	458
KJ888499.1	457
KJ888500.1	458
KJ888502.1	459
KJ888503.1	452
KJ888504.1	451
KJ888505.1	451
KJ888508.1	451
KJ888517.1	451
KJ888523.1	458
KJ888527.1	451
KJ888529.1	452
KJ888518.1	453
KJ888519.1	454
KJ888537.1	453
LC610877.1	448
OL774776.1	435
OL774777.1	435
OL774778.1	435
OL774779.1	435
OL774780.1	435
LC656558.1	458
AJ297579.1	463
MW399373.1	469
MW399374.1	469
MW399375.1	469
MN531369.1	455
JF461342.1	470
JF976606.1	468
JF976607.1	470
JF976608.1	468
KY215036.1	451
KP015829.1	435
KX108700.1	465
KU350155.1	455
KU350156.1	457
KF419121.1	456
KU350164.1	455
KU350185.1	455
OR640678.1	455
DQ008854.1	491
KF821452.1	451
MW399352.1	468
MW399353.1	468
MW399354.1	468
MW399355.1	468
MW399356.1	468
MW399357.1	468
MW399358.1	468
MW399359.1	468
AB972343.1	479
JQ886463.1	466
MH547527.1	445
KU244132.1	456
KF821699.1	461
KP900389.1	457
KP900390.1	457
KP900391.1	457
PV901713.1	445
AB972335.1	479
AB972356.1	476
MH813130.1	406
KC494657.1	465
KC494658.1	465
KC494659.1	465
KC494682.1	465
KC494683.1	465
KC494684.1	465
KJ734655.1	467
KJ734656.1	467
KJ734657.1	467
KJ734658.1	467
KJ734659.1	467
KJ734660.1	469
KJ734661.1	467
KJ734662.1	466
KJ734663.1	467
KJ734664.1	467
KJ734665.1	467
KJ734666.1	467
KJ734667.1	467
KJ734668.1	467
KM980519.1	467
KM980522.1	466
KT290647.1	467
KT290648.1	467
KT290649.1	467
KT290650.1	467
KT290651.1	467
KT290652.1	469
KT290653.1	467
KT290654.1	466
KT290655.1	467
KT290656.1	467
KT290657.1	467
KT290658.1	467
KT290659.1	467
KU350159.1	462
KU350160.1	465
KU350176.1	462
KU350178.1	466
KU350182.1	463
KF694808.1	483
KY214928.1	448
KY214938.1	433
AY673044.1	455
AY673045.1	450
AY673046.1	447
AY673047.1	469
AY673048.1	450
AY673049.1	441
AY673061.1	454
KY214936.1	448
AY673063.1	448
HQ688669.1	455
PP230044.1	485
PP230057.1	482
PP230059.1	480
KU350179.1	454
AY673052.1	459
AY673066.1	450
KC591674.1	462
HQ840772.1	455
HQ840773.1	455
JF461356.1	468
JF978721.1	468
JF978722.1	468
JF978723.1	468
JQ730063.1	427
KP718407.1	450
KY991528.1	449
KY991755.1	427
KY991758.1	427
KY991884.1	427
KY991895.1	427
MK184583.1	427
MK184585.1	448
MK184586.1	427
MK184587.1	428
MK184591.1	427
MK184595.1	428
KP718450.1	450
KP718457.1	453
KP718458.1	453
KP718459.1	453
JQ730219.1	450
OP090108.1	453
