0	PQ032371	1979617
0	PQ032371	1979617
1	KJ400933	161110
2	KJ400893	161101
3	EF526378	55313
3	EF526379	55313
3	EF526380	55313
3	EF526381	55313
3	EF526382	55313
4	MN719089	13216
5	KU501065	1827401
5	KU501065	1827401
5	KU501066	1827402
5	KU501067	1827406
6	EF526401	438840
7	DQ008854	85245
8	EF526385	192324
9	EF526409	251681
10	PP230060	161864
10	PP230067	2029076
11	KP858818	1661586
11	KP858819	1661586
12	HM590380	208345
13	PP230052	3117580
14	PP230044	947910
15	DQ008848	4465
15	DQ008850	263995
15	DQ008852	4465
15	DQ008853	325552
16	PP230034	38221
16	PP230065	1855359
17	KF694808	94328
18	KP858812	1661602
18	KP858813	1661597
18	KP858814	1661597
19	KP858834	226279
20	KP858859	1785609
20	KP858860	1661585
21	KP858885	1785611
22	MW748066	345095
22	MW748067	345095
23	OR199470	163079
24	PP230035	1350401
25	PV698247	569774
25	PV698248	569774
25	PV698249	569774
25	PV698250	569774
25	PV698251	569774
25	PV698252	569774
25	PV698253	569774
25	PV698254	569774
25	PV698255	569774
26	GU066225	112168
26	GU066233	112168
26	GU066234	112168
27	JF461365	1080333
27	JF978655	299603
27	JF978656	299603
28	JQ730112	1160579
28	KF821564	1419972
28	KF821565	1419972
29	KP858870	1586304
30	PP230039	3117577
30	PP230047	1844062
30	PP230048	233029
30	PP230049	141736
30	PP230056	141746
30	PP230057	947911
30	PP230058	233035
30	PP230074	1844062
31	PP647894	2762683
32	KP858838	1785672
33	KP858900	1661599
33	KP858901	1661593
34	LC843504	3349339
35	PV698256	164262
36	AB972352	564068
37	KJ400946	161115
38	KP858794	226091
38	KP858795	1785665
38	KP858797	1785664
39	KP858837	1785663
40	KP858886	1785628
40	KP858887	1785629
41	PP230053	3117581
42	PP230059	948480
43	PP230061	141749
44	AB972335	906701
44	AB972343	859511
44	AB972351	426115
44	AB972353	38179
45	AB972338	179353
46	AB972341	161869
47	AB972347	1088845
48	EF526384	4416
49	KP858891	1661589
49	KP858893	1785639
50	PP230054	2790450
51	AB972345	169180
52	AB972346	1354196
53	DQ008844	123564
54	EF526399	192290
55	HM590388	208341
56	AY775247	299602
56	AY775248	299602
56	AY775249	299602
56	AY775250	299602
56	AY775253	299609
56	AY775254	299610
56	GU945041	299608
56	JF978716	299602
56	JF978717	299602
57	KP858863	1661588
58	KP858866	1785636
59	KP858868	1785645
60	KP858871	1785612
61	MH547540	302006
61	PV900928	173278
61	PV900948	257425
61	PV900951	257425
62	PP230043	2719954
63	AB972354	335151
64	AY673053	210083
65	HM590377	178741
66	HM590379	179351
66	HM590383	161865
67	JQ730108	1160575
68	KP858848	1785622
69	KP858865	1785670
70	KP858872	1785633
71	KP858873	1661591
71	KP858874	1661591
72	KP858875	1785630
73	KP858876	1785649
74	KP858888	1785618
74	KP858889	1785618
75	KP858890	1785679
76	KP858894	1661598
77	KP858895	1785617
78	AB972349	1331797
79	AB972356	906672
80	HM590384	154290
81	HM590387	469461
82	HM590392	117953
83	JF461342	796834
83	JF461343	1922339
83	JF461344	2831076
83	JF461345	2831067
83	JF461352	49657
83	JF461363	1045163
83	JF976606	796834
83	JF976607	796834
83	JF976608	796834
83	JF976609	1922339
83	JF976610	1922339
83	JF976611	299607
83	JF976612	299607
83	JF976613	299607
83	JF978650	1052182
83	JF978651	1052182
83	JF978661	50510
83	JF978662	50510
83	JF978668	49657
83	JF978669	49657
83	JF978672	49657
83	JF978673	1045136
83	JF978688	295133
83	JF978689	295133
83	JF978694	1045144
83	JF978695	1045144
83	JF978699	703614
83	JF978700	703614
83	JF978701	703614
83	JF978702	703614
83	JF978709	1045147
83	JF978710	1045147
83	JF978726	1045150
83	JF978727	1045150
83	JF978729	1045151
83	JF978747	1045160
83	JF978748	1045160
83	JF978749	1045160
83	JF978752	1045163
83	JF978753	1045163
83	JF978754	1045164
83	JF978763	1045167
83	KC511480	1922341
83	KC511489	1353863
83	KC511498	295133
83	KC511503	1080331
83	KC511507	1353871
83	KC511513	1353876
83	KC511518	164826
83	KJ719921	1045160
83	KX394638	49657
83	KX394640	295133
83	KX394646	703614
83	KX394651	1607996
83	KX394653	1045160
83	KX394654	1045163
83	KX394656	1922341
83	MH808673	703614
83	MH808674	703614
83	MT104821	2831071
83	MT104829	1922340
84	KP858798	1785624
84	KP858799	1785634
84	KP858800	1785648
84	KP858801	1785658
84	KP858803	1785651
84	KP858804	1785658
85	KP858835	1785641
86	KP858877	1785656
87	KP858878	1785613
88	KP858879	1785673
88	KP858880	1785654
89	KP858896	1785671
89	KP858897	1661592
89	KP858898	1661592
89	KP858899	1661592
90	KP858902	1785655
90	KP858903	1785681
90	KP858904	1785632
91	KP858905	1785650
92	KU161129	2807137
93	PV901190	2171542
94	PZ539346	3722940
95	AB972334	154294
96	AB972336	51096
96	AB972337	234011
96	HM590370	51096
97	DQ008841	325547
97	DQ008842	325548
97	DQ008845	123564
97	DQ008846	55184
97	DQ008849	55184
98	KC420457	1355407
98	KC420458	1355407
98	KC420459	1355407
98	KC420460	1355407
98	KC420461	1355407
98	KC420462	1355407
98	KC420463	1355407
98	KC420464	1355407
98	KC420465	1355407
98	KC420466	1355407
98	KC420467	1355407
98	KC420468	1355407
98	KC420469	1355407
98	KC420470	1355407
98	KC420471	1355407
98	KC420472	1355407
98	KC420473	1355407
98	KC420474	1355407
98	KC420475	1355407
98	KC420476	1355407
98	KC420477	1355407
98	KC420478	1355407
98	KC420479	1355407
98	KC420480	1355407
98	KC420481	1355407
98	KC420482	1355407
98	KC420483	1355407
98	KC420484	1355407
98	KC420485	1355407
98	KC420486	1355407
98	KC420487	1355401
98	KC420488	1355401
98	KC420489	1355398
98	KC420490	1355398
98	KP858851	1785625
98	KP858852	1785635
98	KP858853	1785635
98	KP858854	1785659
98	KP858855	1355401
98	KP858856	1785644
98	KP858857	1661595
98	KP858858	1661594
99	KP858842	1399676
99	KP858843	1399676
100	KP858844	1399676
100	KP858845	1399676
100	KP858846	1399676
100	KP858847	1785615
101	KP858850	1785647
102	KP858867	1785637
103	KP858881	1785631
104	OR717487	3659
105	KY860933	3893
105	PV990273	174648
105	PV990274	174648
105	PV990275	3893
105	PV990276	3893
105	PV990278	3031840
105	PV990279	3893
105	PV990280	3893
105	PV990281	3893
105	PV990283	174648
105	PV990284	3893
105	PV990286	174648
105	PV990287	3893
105	PV990290	3893
106	HM590373	208343
107	JF461346	1045128
107	JF461353	1080330
107	JF461357	1045151
107	JF461360	1045158
107	JF461361	1045158
107	JF461366	1080334
107	JF461367	1080335
107	JF461368	1080336
107	JF461370	1080338
107	JF976614	2831076
107	JF976615	2831076
107	JF976616	2831076
107	JF976617	2831067
107	JF976618	2831067
107	JF978639	1045129
107	JF978640	1045129
107	JF978641	1045129
107	JF978660	50510
107	JF978681	1045139
107	JF978682	1045139
107	JF978683	1045139
107	JF978684	1045140
107	JF978685	1045140
107	JF978705	1045146
107	JF978706	1045146
107	JF978707	1045146
107	JF978708	1045146
107	JF978728	1045151
107	JF978741	1045158
107	JF978742	1045158
107	JF978743	1045158
107	JF978744	1045158
107	JF978755	299601
107	JF978756	299601
107	JF978772	1045169
107	JF978773	1045169
107	JF978774	1045169
107	KC511493	50510
107	KC511495	754784
107	KC511496	1045139
107	KC511505	1353869
107	KC511506	1353870
107	KC511510	1045169
107	KC511512	1353875
107	KX394634	1045128
107	KX394645	1922339
107	KX394647	1045146
107	KX394655	299601
107	KX683213	1045139
107	MH808675	1045146
107	MH808676	1045146
107	MH808684	1080338
107	MT104823	2803554
107	MT104830	2831074
107	MT104831	1603835
107	MT104837	2831061
107	MT104838	2831080
107	MT104841	1156546
108	KP858882	1785669
109	KP858883	1785680
109	KP858884	1785653
110	LC843458	361386
110	LC843459	361386
110	LC843460	361386
110	LC843461	361386
110	LC843462	361386
110	LC843463	361386
110	LC843464	361386
110	LC843465	361386
110	LC843466	361386
110	LC843467	361386
110	LC843469	361387
110	LC843470	361387
110	LC843471	361387
110	LC843472	361387
110	LC843473	361387
110	LC843474	361387
110	LC843475	361387
110	LC843476	361387
110	LC843477	361387
110	LC843478	361387
110	LC843479	361387
110	LC843480	361387
110	LC843481	361387
110	LC843482	361387
110	LC843483	361387
110	LC843484	361387
110	LC843485	361387
110	LC843486	361387
110	LC843487	361387
110	LC843488	361387
110	LC843489	361387
110	LC843490	361387
110	LC843491	361387
110	LC843492	361387
110	LC843493	361387
110	LC843494	361387
110	LC843495	361387
110	LC843496	361387
110	LC843497	361387
110	LC843498	361387
110	LC843499	361387
110	LC843500	361387
110	LC843501	361389
110	LC843502	361389
110	LC843503	361389
111	PV900891	189791
112	AB972332	154291
112	HM590376	154291
113	AY775251	299608
114	DQ008851	123564
115	KC878562	227916
115	KC878563	227916
115	KC878564	227916
116	KP858792	2806815
117	KP858861	1785640
118	KF694816	136217
118	KF694818	136220
118	KX831981	136217
118	KX831991	136217
118	KX832002	136217
118	KX832004	136217
118	KX832005	136217
118	KX832006	136217
118	KX832011	136217
118	KX832014	136217
118	KX832015	136217
118	KX832026	136217
118	KX832027	136217
118	KX832028	136217
118	KX832029	136217
118	KX832041	136217
118	KX832042	136217
118	KX832043	136217
119	KX985576	2043159
120	MK049255	48666
121	PV819811	309307
122	PV990277	3031840
122	PV990282	3031840
122	PV990285	3064024
123	EF526389	435376
124	KC511508	1353873
124	KC511509	1353873
125	KP858862	1399687
126	KY700230	272863
126	KY700233	1069900
127	KY991510	2136703
127	KY991512	2136417
127	KY991830	2136870
127	KY991992	2136453
127	KY992068	2136415
128	PZ539348	3722941
129	AY673069	210033
130	KC494651	253610
131	KF694811	136216
132	KP858836	1789003
133	KT151666	118357
133	KT151667	118357
134	PV495770	179202
135	PZ627673	3458861
136	AY775231	299599
136	AY775232	299599
136	AY775233	299599
136	AY775234	299599
136	AY775235	299599
136	AY775236	299599
136	AY775237	299599
136	AY775238	299599
136	AY775239	299600
136	AY775240	299600
136	AY775241	299600
136	AY775242	299601
136	AY775243	299601
136	AY775244	299601
136	AY775246	299601
136	JF978775	299599
136	JF978776	299599
136	JF978777	299599
136	JF978778	299599
136	KJ719923	299599
136	KX394657	299599
136	MH808682	299599
137	EF526406	16364
137	LC656560	2899458
138	JQ710997	72647
138	KC511515	72647
138	KC511525	1353879
138	KJ719919	72647
139	KC494673	382113
139	KC494674	382113
140	KJ400864	50518
141	KT151668	49168
142	MH547501	396313
143	PV809672	310423
144	AB972355	37622
145	AY673047	94338
146	DQ008843	325549
146	DQ008847	325551
147	HG996867	2819012
148	JQ730049	1160523
148	JQ730081	1160556
148	KY991870	1160523
149	KJ734655	93611
149	KJ734656	93611
149	KJ734657	93611
149	KJ734660	93611
149	KJ734661	93611
149	KJ734662	93611
149	KJ734663	93611
149	KJ734664	93611
149	KJ734667	93611
149	KT290652	93611
149	KT290653	93611
149	KT290654	93611
149	KT290655	93611
149	KT290656	93611
149	KT290658	93611
149	KT290664	335806
149	KT290665	335806
149	KT290666	153728
149	KT290667	153728
150	KP858907	1399704
151	KT004473	101743
152	KT151669	118338
152	KT151671	118363
152	KT151672	105903
152	KT151673	105903
153	KY700351	269586
153	KY700352	269586
154	LC861360	3397711
154	LC861361	3397711
154	LC861362	3397711
154	LC861363	3397712
154	LC861364	3397712
154	LC861365	3397712
154	LC861366	3397713
154	LC861367	3397713
154	LC861368	3397713
154	LC861369	218569
154	LC861370	218569
154	LC861371	218569
154	LC861372	218569
154	LC861373	218569
154	LC861374	218569
154	LC861375	3243315
154	LC861376	3243315
154	LC861377	3243315
154	LC861378	3243315
154	LC861379	3243315
154	LC861380	3243315
154	LC861381	3243315
154	LC861382	3243315
154	LC861383	3243315
154	LC861384	3397711
154	LC861385	3397711
154	LC861386	3397711
154	LC861387	218591
154	LC861388	218591
154	LC861389	218591
154	LC861390	218591
154	LC861391	218591
154	LC861392	218591
154	LC861393	218591
154	LC861394	218591
154	LC861395	218591
154	LC861396	218591
154	LC861397	218591
154	LC861398	218591
154	LC861399	3397714
154	LC861400	3397714
154	LC861401	3397714
154	LC861402	218591
154	LC861403	218591
154	LC861404	218591
154	LC861405	218591
154	LC861406	218591
154	LC861407	218591
154	LC861408	218591
154	LC861409	218591
154	LC861410	218591
154	LC861411	2500063
154	LC861412	2500063
154	LC861413	2500063
154	LC861414	218582
154	LC861415	218582
154	LC861416	218582
154	LC861417	218591
154	LC861418	218591
154	LC861419	218591
154	LC861420	3243316
154	LC861421	3243316
154	LC861422	3243316
154	ON512680	2943614
154	ON512681	2943614
154	ON512682	2943614
154	ON512683	2943614
154	ON512684	2943614
154	ON512685	2943614
154	ON512686	218560
154	ON512687	218560
154	ON512688	218560
154	ON512689	218560
154	ON512690	218560
154	ON512691	218560
154	ON512692	218560
154	ON512693	218560
154	ON512694	218560
154	ON512695	218560
154	ON512696	218560
154	ON512697	218560
154	ON512698	218560
154	ON512699	218560
154	ON512700	218560
154	ON512701	218560
154	ON512702	218560
154	ON512703	218560
154	ON512704	2943615
154	ON512705	2943615
154	ON512706	2943615
154	ON512707	2943614
154	ON512708	2943614
154	ON512709	2943614
154	ON512710	2943615
154	ON512711	2943615
154	ON512712	2943615
154	ON512713	427338
154	ON512714	427338
154	ON512715	427338
155	AY775257	299607
155	JF461347	59116
155	JF461350	1080329
155	JF461356	989897
155	JF461364	1045167
155	JF461371	1080339
155	JF976619	2831067
155	JF978642	59116
155	JF978644	59116
155	JF978645	1045130
155	JF978646	1045130
155	JF978647	1045130
155	JF978648	1045131
155	JF978649	1045131
155	JF978652	1045132
155	JF978653	1045132
155	JF978654	1045132
155	JF978657	1045133
155	JF978658	1045133
155	JF978659	1045133
155	JF978663	1045134
155	JF978664	1045134
155	JF978665	1045134
155	JF978666	1045135
155	JF978667	1045135
155	JF978670	49657
155	JF978671	49657
155	JF978674	1045137
155	JF978676	1045137
155	JF978677	1045138
155	JF978678	1045138
155	JF978679	1045138
155	JF978680	1045138
155	JF978686	1045141
155	JF978687	1045141
155	JF978690	1045142
155	JF978691	1045142
155	JF978692	1045143
155	JF978693	1045143
155	JF978711	1045148
155	JF978712	1045148
155	JF978713	1045148
155	JF978714	1045149
155	JF978715	1045149
155	JF978721	989897
155	JF978722	989897
155	JF978723	989897
155	JF978724	1045150
155	JF978725	1045150
155	JF978735	1045154
155	JF978736	1045154
155	JF978737	1045155
155	JF978738	1045155
155	JF978745	1045159
155	JF978746	1045159
155	JF978750	1045161
155	JF978751	1045162
155	JF978757	714500
155	JF978758	714500
155	JF978761	1045166
155	JF978762	1045166
155	JF978764	1045167
155	JF978765	1045167
155	JF978766	1045167
155	JF978767	1045167
155	JF978768	1045167
155	JF978771	1045168
155	JF978779	1045170
155	JF978780	1045170
155	JF978781	1045170
155	JQ710963	1080332
155	JQ710964	1080332
155	JQ710965	1080332
155	JQ710966	1080332
155	JQ710967	1080332
155	JQ710968	1080332
155	JQ710969	1080332
155	JQ710970	1080332
155	JQ710971	1080332
155	KC511486	59116
155	KC511490	1353864
155	KC511492	1353865
155	KC511497	1353866
155	KC511501	1045150
155	KC511502	1353867
155	KC511511	1353874
155	KC511519	1355935
155	KC511520	1355926
155	KC511521	1355927
155	KC511522	1355928
155	KC511523	1355934
155	KC511524	1353878
155	KF782895	1045149
155	KF782896	1353866
155	KF782899	59116
155	KF782900	59116
155	KF782901	59116
155	KF782902	59116
155	KF782903	59116
155	KF782904	59116
155	KF782906	59116
155	KF782908	59116
155	KF782910	59116
155	KF782911	59116
155	KF782912	59116
155	KF782928	59116
155	KF805342	59116
155	KF818396	1547484
155	KJ719918	1353866
155	KJ719922	49657
155	KJ719935	59116
155	KJ719936	59116
155	KJ719937	59116
155	KJ719938	59116
155	KJ719939	59116
155	KJ719940	59116
155	KJ719941	59116
155	KJ719942	59116
155	KJ719943	59116
155	KJ719944	59116
155	KJ719945	59116
155	KX394635	59116
155	KX394636	59116
155	KX394637	49657
155	KX394639	1045138
155	KX394641	1045142
155	KX394642	1045143
155	KX394648	1547484
155	MH808672	1045142
155	MH808680	1353872
155	MH808681	1353872
155	MT104819	2831066
155	MT104820	1045132
155	MT104826	2831072
155	MT104827	2831073
155	MT104828	1547484
155	MT104832	2831075
155	MT104833	2831060
155	MT104834	1607997
155	MT104835	2831077
155	MT104836	2831078
155	MT104842	1504211
155	MT104843	1504212
155	OL677459	2898947
156	MW399241	1592184
156	MW399242	1592175
156	MW399243	1592175
156	MW399244	1592176
156	MW399245	1592176
156	MW399246	1592176
156	MW399247	1592177
156	MW399248	1592177
156	MW399249	1592177
156	MW399250	2916428
156	MW399251	2916428
156	MW399252	2916428
156	MW399253	2916428
156	MW399254	2916428
156	MW399255	2916428
156	MW399256	72655
156	MW399257	72655
156	MW399258	72655
156	MW399259	72655
156	MW399260	72655
156	MW399261	72655
156	MW399262	72655
156	MW399263	72655
156	MW399264	72655
156	MW399265	72655
156	MW399266	72655
156	MW399267	72655
156	MW399268	1592184
156	MW399269	72655
156	MW399270	2916429
156	MW399271	2916429
156	MW399272	2916429
156	MW399273	2916429
156	MW399274	1592178
156	MW399275	1592178
156	MW399276	1592179
156	MW399277	1592179
156	MW399278	1592179
156	MW399279	1592179
156	MW399280	1592179
156	MW399281	1592180
156	MW399282	1592180
156	MW399283	1592180
156	MW399284	1592180
156	MW399285	1592180
156	MW399286	1592180
156	MW399287	1592180
156	MW399288	1592180
156	MW399289	1592181
156	MW399290	1592181
156	MW399291	1592181
156	MW399292	1592181
156	MW399293	1592182
156	MW399294	1592182
156	MW399295	1592182
156	MW399296	1592182
156	MW399297	1592182
156	MW399298	1592183
156	MW399299	1592183
156	MW399300	1592183
156	MW399301	1592183
156	MW399302	1592183
156	MW399303	1592183
156	MW399304	1592183
156	MW399305	1592184
156	MW399306	1592184
156	MW399307	1592184
156	MW399308	1592184
156	MW399309	1592184
156	MW399310	1592184
156	MW399311	1592184
156	MW399312	1592184
156	MW399313	1592184
156	MW399314	1592184
156	MW399315	488789
156	MW399316	488789
156	MW399317	488789
156	MW399318	1592185
156	MW399319	1592185
156	MW399320	1592185
156	MW399321	1592185
156	MW399322	1592185
156	MW399323	1592185
156	MW399324	1592185
156	MW399325	1592185
156	MW399326	1592185
156	MW399327	1592185
156	MW399328	1592185
156	MW399329	1592185
156	MW399330	1592185
156	MW399331	1592185
156	MW399332	1592185
156	MW399333	1592186
156	MW399334	1592186
156	MW399335	1592186
156	MW399336	1592186
156	MW399337	1592186
156	MW399338	1592186
156	MW399339	1592186
156	MW399340	1592186
156	MW399341	1592186
156	MW399342	1592187
156	MW399343	1592187
156	MW399344	1592187
156	MW399345	1592188
156	MW399346	1592188
156	MW399347	1592188
156	MW399348	1592188
156	MW399349	1592188
156	MW399350	1315771
156	MW399351	1315771
156	MW399352	85348
156	MW399353	85348
156	MW399354	85348
156	MW399355	85348
156	MW399356	85348
156	MW399357	85348
156	MW399358	85348
156	MW399359	85348
156	MW399360	1592189
156	MW399361	1592189
156	MW399362	488790
156	MW399363	488790
156	MW399364	488790
156	MW399365	470286
156	MW399366	470286
156	MW399367	470286
156	MW399368	1592190
156	MW399369	1592190
156	MW399370	1592190
156	MW399371	1592190
156	MW399372	1592190
156	MW399373	78386
156	MW399374	78386
156	MW399375	78386
156	MW399376	49740
156	MW399377	49740
156	MW399378	49740
156	MW399379	220906
156	MW399380	220906
156	MW399381	220906
156	MW399382	220906
156	MW399383	220906
156	MW399384	220906
156	MW399385	2916032
156	MW399386	2916033
156	MW399387	470286
156	MW399388	2916033
156	MW399389	1592191
156	MW399390	1592191
156	MW399391	1592191
156	MW399392	1592191
157	AY775256	299605
158	KC896702	1262115
159	KX689310	1905581
160	MF872617	2043157
161	MT104822	1465371
162	JF461348	59116
162	JF461349	59116
162	JF461355	55959
162	JF461362	1080332
162	JF461369	1080337
162	JF978643	59116
162	JF978703	58705
162	JF978704	58705
162	JF978718	55959
162	JF978719	55959
162	JF978720	55959
162	JF978739	1045157
162	JF978740	1045157
162	KC511487	59116
162	KC511488	59116
162	KC511499	58705
162	KC511514	1353877
162	KF782897	59116
162	KF782905	59116
162	KF782907	59116
162	KF782909	59116
162	KF782913	59116
162	KF782914	59116
162	KF782915	59116
162	KF782916	59116
162	KF782917	59116
162	KF782918	59116
162	KF782919	59116
162	KF782920	59116
162	KF782921	59116
162	KF782922	59116
162	KF782923	59116
162	KF782924	59116
162	KF782925	59116
162	KF782926	59116
162	KF782927	59116
162	KJ719924	59116
162	KJ719925	59116
162	KJ719926	59116
162	KJ719927	59116
162	KJ719928	59116
162	KJ719929	59116
162	KJ719930	59116
162	KJ719931	59116
162	KJ719932	59116
162	KJ719933	59116
162	KJ719934	59116
162	MT104824	1080337
163	OL442775	2291104
164	ON644430	2590075
164	ON644431	33127
165	KF694814	136211
165	KF694819	136220
165	KF694821	136211
165	KX831972	136217
165	KX831973	136217
165	KX831975	136217
165	KX831976	136217
165	KX831977	136217
165	KX831984	136217
165	KX831986	136217
165	KX831988	136217
165	KX831990	136217
165	KX831993	136217
165	KX831994	136217
165	KX831996	136217
165	KX831997	136217
165	KX831998	136217
165	KX831999	136217
165	KX832000	136217
165	KX832007	136217
165	KX832008	136217
165	KX832012	136217
165	KX832013	136217
165	KX832016	136217
165	KX832019	136217
165	KX832021	136217
165	KX832022	136217
165	KX832024	136217
165	KX832037	136217
166	KC494652	63349
166	KC494653	63349
166	KC494654	63349
166	KC494655	63349
166	KC494656	63349
166	KC494657	93611
166	KC494658	93611
166	KC494659	93611
166	KJ734658	93611
166	KJ734659	93611
166	KJ734665	93611
166	KJ734666	93611
166	KJ734668	93611
166	KJ734669	63349
166	KJ734670	63349
166	KJ734671	63349
166	KJ734672	63349
166	KM980518	63349
166	KM980519	93611
166	KT290647	93611
166	KT290648	93611
166	KT290649	93611
166	KT290650	93611
166	KT290651	93611
166	KT290657	93611
166	KT290659	93611
166	KT290660	63349
166	KT290661	63349
166	KT290662	63349
166	KT290663	63349
167	KC494671	336383
167	KC494672	336383
167	KM980520	336383
167	KM980521	336383
168	KF694809	136223
168	KF694815	136223
168	KF694820	136218
168	KF694822	136207
168	KF694826	136218
168	KF694827	136207
168	KX831971	136217
168	KX831974	136217
168	KX831979	136217
168	KX831982	136217
168	KX831992	136217
168	KX832001	136217
168	KX832003	136217
168	KX832009	136217
168	KX832023	136217
168	KX832031	136217
168	KX832032	136217
168	KX832033	136217
168	KX832034	136217
168	KX832035	136217
168	KX832036	136217
169	MN719100	136217
170	JF978675	1045137
170	JF978696	1045145
170	JF978697	1045145
170	JF978698	1045145
170	JF978730	1045152
170	JF978731	1045152
170	JF978759	1045165
170	JF978760	1045165
170	JF978769	1045168
170	JF978770	1045168
170	KC511504	1353868
170	KX394643	1045145
170	MH808677	1045152
170	MH808678	1045152
170	MH808679	1353868
171	JQ710972	1080332
171	JQ710973	1080332
171	JQ710974	1080332
171	JQ710975	1080332
171	JQ710976	1080332
171	JQ710977	1080332
171	JQ710978	1080332
171	JQ710979	1192327
171	JQ710980	479625
171	JQ710981	479625
171	JQ710982	479625
171	JQ710983	55959
171	JQ710984	55959
171	JQ710985	55959
171	JQ710986	55959
171	JQ710987	55959
171	JQ710988	55959
171	JQ710989	55959
171	JQ710990	55959
171	JQ710991	55959
171	JQ710992	55959
171	JQ710993	1080332
171	JQ710994	1080332
171	JQ710995	1080332
171	JQ710996	1080332
171	KC511494	1192327
171	KC511500	1080332
171	KC511516	1080332
171	KC511517	479625
171	KF782898	59116
171	KJ719920	55959
171	MH808683	1080332
172	JQ886463	861244
173	KC494682	93608
173	KC494683	93608
173	KC494684	93608
173	KM980522	93608
174	KP900424	50501
175	KU350178	93819
176	AJ297581	135521
177	EF526386	403037
177	EF526396	62343
178	KC494660	335806
178	KC494661	335806
178	KC494662	153728
178	KC494663	153728
178	KC494664	153728
179	KC494665	335807
179	KC494666	335807
179	KC494667	335807
179	KC494668	376444
179	KC494669	376444
179	KC494670	376444
180	KC494675	63347
180	KC494676	63347
180	KC494677	63347
180	KC494678	153727
180	KC494679	153727
180	KC494680	153727
180	KC494681	153727
181	KC494685	35933
181	KC494686	35933
181	KC494687	35933
182	KP858780	226284
183	KU244133	223761
183	KY235214	223761
183	KY235215	223761
183	KY235216	223761
184	KU350160	93815
185	KX108700	82528
186	MW588812	1933729
187	KT151670	118363
188	KX689347	452829
189	KY214964	1932197
189	KY214986	1932215
189	KY215021	101709
189	KY215022	101709
190	KY700226	54796
191	OR199559	3054243
192	AJ293765	134913
193	AJ293766	23283
194	AJ297578	135518
194	AJ297579	78511
195	AJ297580	135520
196	EF526383	29650
197	JF461358	1045153
197	JF461359	1045153
197	JF978732	1045153
197	JF978733	1045153
197	JF978734	1045153
197	KX394644	1922338
197	KX394652	1045153
197	MT104825	1922338
198	KF694810	136216
199	KP858789	1785676
200	KU350182	93822
201	KY991579	2136735
202	MH602401	50768
203	MN121694	108544
203	MN153751	152095
203	MN153752	152088
203	MN153754	152088
204	MN153767	152095
205	MZ063564	50148
205	MZ063565	50148
205	MZ063566	50148
205	MZ063567	50148
205	MZ063569	50148
205	MZ063570	50148
205	MZ063571	50148
205	MZ063572	50148
205	MZ063573	50148
205	MZ063574	50148
205	MZ063575	50148
205	MZ063576	50148
205	MZ063577	50148
205	MZ063578	50148
205	MZ063579	50148
205	MZ063580	50148
205	MZ063581	50148
205	MZ063583	50148
205	MZ063584	50148
205	MZ063585	50148
205	MZ063586	50148
205	MZ063587	50148
205	MZ063588	50148
205	MZ063589	50148
205	MZ063590	50148
205	MZ063591	50148
205	MZ063592	50148
205	MZ063593	50148
205	MZ063594	50148
205	MZ063595	50148
205	MZ063596	50148
205	MZ063597	50148
205	MZ063598	50148
205	MZ063599	50148
205	MZ063600	50148
205	MZ063601	50148
205	MZ063602	50148
205	MZ063603	50148
205	MZ063604	50148
205	MZ063605	50148
205	MZ063606	50148
205	MZ063607	50148
205	MZ063608	50148
205	MZ063609	50148
205	MZ063610	50148
205	MZ063611	50148
205	MZ063612	50148
205	MZ063613	50148
205	MZ063616	50148
205	MZ063619	2831609
205	MZ063620	50148
205	MZ063622	50148
205	MZ063624	50148
205	MZ063625	50148
205	MZ063626	50148
205	MZ063627	50148
205	MZ063628	2831609
205	MZ063629	2831609
205	MZ063630	50148
205	MZ063631	50148
205	MZ063634	50148
205	MZ063635	50148
205	MZ063636	50148
205	MZ063638	50148
205	MZ063639	50148
205	MZ063640	50148
205	MZ063641	50148
205	MZ063642	50148
205	MZ063643	50148
205	MZ063644	50148
205	MZ063645	50148
205	MZ063646	50148
205	MZ063647	50148
205	MZ063648	50148
205	MZ063649	50148
205	MZ063650	50148
205	MZ063651	50148
205	MZ063652	50148
205	MZ063653	50148
205	MZ063655	50148
205	MZ063657	50148
205	MZ063658	50148
205	MZ063659	50148
205	MZ063663	50148
205	MZ063666	50148
205	MZ063673	2831609
205	MZ063675	2831609
205	MZ063677	50148
205	MZ063680	50148
205	MZ063681	50148
205	MZ063682	50148
206	PV750797	2915791
206	PV750798	2915791
206	PV750799	2939673
206	PV750800	2939673
206	PV750801	542750
206	PV750802	542750
206	PV760948	3074754
206	PV760949	3074754
206	PV760950	3074754
206	PV760951	1840585
206	PV760952	1840585
206	PV760953	1840585
206	PZ394585	3710508
207	AY673071	101709
207	KY214962	1932196
207	KY214967	1932201
207	KY215019	1932309
207	KY215033	4654
207	KY215045	1932255
207	KY215062	330171
207	KY215106	1932295
208	JF978782	1052183
208	JF978783	1052183
209	KC591674	980675
210	KU350159	93813
211	KU350176	93817
212	Y16892	3311
213	KF821699	872004
214	KX831978	136217
214	KX832040	136217
215	KY700523	159070
216	KY700524	1077904
217	MN153770	381652
218	MZ468559	2853675
219	PP595897	39639
219	PP595900	39639
219	PP595902	39639
219	PP595906	39639
219	PP595907	39639
219	PP595908	39639
219	PP595910	39639
219	PP595911	39639
220	PQ195666	3242848
221	AY673060	324560
222	KC332217	3486
223	KP900348	1705924
223	KP900349	1705924
223	KP900350	1705924
224	KP900406	1085466
225	KU350154	13343
226	KU350173	45902
227	KU501096	1827446
228	KY991584	2136660
229	MF375756	266091
229	MF375764	266091
229	MF375772	268745
229	ON819585	266091
229	ON819594	266091
229	ON819595	266091
229	ON819599	266091
230	MZ063582	50148
230	MZ063667	50148
230	MZ063668	50148
230	MZ063669	50148
231	OR257830	3060964
232	PV901616	43879
233	OR640671	176250
233	PX586487	176250
234	PZ124274	20414
235	AY460567	263265
235	AY460568	263263
235	GU968792	756362
235	GU968793	756363
235	GU968802	756367
235	KF781567	756362
235	KF781568	756363
235	KY991976	756367
236	AY673052	96514
236	AY673064	210072
237	JF461351	1045133
238	KF694813	136221
239	KF707552	176242
239	OR640676	176242
240	KJ888492	76083
240	KJ888493	76085
240	KJ888494	76081
240	KJ888500	76086
240	KJ888502	76089
240	KJ888511	76082
240	KJ888513	76080
240	KJ888523	76087
241	KJ888509	13258
242	KX534378	72402
242	KY492292	72402
242	KY492293	72402
243	KY991498	2136676
244	KY991580	2136459
244	KY991585	2136553
245	KY991720	2136560
245	KY991772	2136567
245	KY991820	2136915
245	KY991837	2136559
245	KY991838	121091
245	KY991840	2136562
245	KY992023	2136917
245	KY992025	2136918
245	KY992034	2136561
245	KY992047	2136916
245	KY992063	2136564
246	AY460564	263261
246	AY460565	263262
247	AY673059	324573
248	AY460563	263274
248	GU968787	557975
248	GU968788	119876
248	GU968800	454296
248	KF781574	1170332
248	KF781575	557975
248	KY991856	2136487
249	KC591662	751780
249	KC591663	392615
250	KF707563	176248
250	KU350177	1862694
250	OR640672	176248
250	OR640673	176248
250	PX586486	176248
251	GU968797	756366
251	KF781571	263266
251	KF821447	1419858
252	KP858788	1785623
253	KP900421	1705969
253	KP900422	1705970
254	KU501097	1827448
255	KU501099	1827444
255	KU501100	266552
255	KY991761	266552
255	KY991774	1827444
256	KU501102	1827445
256	KY991735	1827445
257	KC441023	520843
257	KX534370	313920
258	KY991581	1843297
258	KY991593	2136677
258	KY991859	2136471
258	KY991866	2136472
259	KY991570	2136444
259	KY991611	1799599
259	KY991612	2136597
259	KY991613	2136594
259	KY991615	2136927
259	KY992067	1917955
260	KY991621	2136912
260	KY991723	2136563
260	KY991801	2136913
260	KY991802	2136914
260	KY991804	2136565
261	KY991783	2136585
262	KY991587	1843295
262	KY991863	2136454
262	KY991867	2136455
263	KY991831	2136937
263	KY991835	137802
263	KY991864	2136449
264	KY991985	2136420
265	KY992042	2136477
266	KY991499	2136448
266	KY991503	2136734
266	KY991504	2136655
266	KY991858	2136450
266	KY992044	2136410
267	LC656558	77560
268	MH602351	50765
268	MH602352	308434
268	MH602355	308434
268	MH602356	308434
268	MH602357	308434
268	MH602358	308434
268	MH602359	308434
268	MH602360	308434
268	MH602361	308434
268	MH602362	308434
268	MH602363	308434
268	MH602364	308434
268	MH602366	308434
268	MH602368	308434
268	MH602369	308434
268	MH602370	308434
268	MH602371	308434
268	MH602373	308434
268	MH602374	308434
268	MH602375	308434
268	MH602376	308434
268	MH602378	308434
268	MH602379	308434
268	MH602381	308434
268	MH602383	308434
268	MH602384	50765
268	MH602385	50765
268	MH602386	50765
268	MH602387	50765
268	MH602388	50765
268	MH602390	50768
268	MH602391	50768
268	MH602392	50768
268	MH602393	50768
268	MH602394	50768
268	MH602395	50768
268	MH602396	50768
268	MH602397	50768
268	MH602398	50768
268	MH602399	50768
268	MH602400	50768
268	MH602403	225203
268	MH602404	225203
268	MH602405	225203
268	MH602406	225203
268	MH602407	225203
268	MH602408	225203
269	MK258694	52451
269	MK258700	52451
269	MK258713	52451
270	MK934359	126820
271	MZ329891	1472150
272	MZ329892	1472147
272	MZ329896	1472147
273	GU968795	454298
273	KF781569	454299
273	KF781572	454298
274	GU968796	756368
275	AY460433	113474
275	JQ730037	1160511
275	JQ730115	113474
275	KY991543	113474
275	KY991567	113474
276	JQ730142	1160603
277	KF694812	136209
277	KF694817	136209
277	KX832030	136217
278	KF781582	1415620
278	KF781583	1415617
278	KF781584	1415613
278	KF781585	1415617
278	KF781587	1415618
278	KF781588	1424738
278	KF781589	1424739
278	KF781590	1424740
278	KF781591	1424741
278	KF781592	1424742
278	KF781595	1415611
278	KF781596	1415617
278	KF781597	1415613
278	KF781598	1424744
278	KF781600	1415623
278	KY991682	2136736
278	KY992030	2136481
279	KJ888490	76092
279	KJ888499	76090
279	KJ888503	76091
279	KJ888516	1550272
279	KJ888517	76099
279	KJ888522	1612141
279	KJ888527	76102
279	KJ888534	1550271
280	KP900351	1705925
280	KP900352	1705925
280	KP900353	1705926
280	KP900355	1705928
280	KP900356	1705928
280	KP900357	1705928
280	KP900358	1705929
280	KP900359	1705930
280	KP900360	1705930
280	KP900361	1705931
280	KP900362	1705936
280	KP900363	1705932
280	KP900365	1705938
280	KP900366	1705939
280	KP900367	1705940
280	KP900368	1705940
280	KP900369	1705941
280	KP900375	1705943
280	KP900378	1705944
280	KP900379	1705944
280	KP900381	1705945
280	KP900382	1705945
280	KP900383	1127082
280	KP900385	1705947
280	KP900386	1705948
280	KP900387	1705949
280	KP900389	883791
280	KP900390	883791
280	KP900391	883791
280	KP900393	1705951
280	KP900394	1705952
280	KP900395	1705953
280	KP900396	1705954
280	KP900398	1705955
280	KP900400	1705955
280	KP900402	1705956
280	KP900403	1705957
280	KP900405	1705958
280	KP900407	1705959
280	KP900408	1705960
280	KP900412	1705961
280	KP900413	1705962
280	KP900414	1705963
280	KP900415	1705964
280	KP900416	1705965
280	KP900419	1705967
280	KP900420	1705968
281	KP900372	1705935
281	KP900374	1705935
281	KP900392	1127083
281	KP900410	453238
282	KP900376	257523
283	KU350156	84009
283	KU350157	143384
284	KU350180	176257
284	OR640670	176257
285	KU350183	313330
285	LC610878	118362
285	LC610879	118362
285	LC610891	49463
285	LC610893	49463
286	KU501101	1827449
286	KU501103	1827447
286	KU501104	1827450
286	KY991736	1827447
286	KY992046	1827450
287	KU845164	1883117
288	KX689316	1803839
289	KX765167	2035796
290	KY991508	2136656
290	KY991916	2136656
291	KY991517	1898640
291	KY991518	1898640
291	KY991522	2136521
291	KY991914	2136520
291	KY992072	2136522
292	KY991520	1009335
292	KY991604	1009335
292	KY991974	2136644
293	KY991590	1898884
294	KY991591	1042880
295	KY991592	2136678
296	KY991595	2136480
297	KY991601	2136654
297	KY991829	119938
298	KU501098	1412891
298	KY991878	1412891
298	MH430236	1412891
299	KY991932	2136687
299	KY992013	2136686
300	KY991981	1671323
301	MH602354	308434
302	MH602377	308434
303	KF821592	1419995
303	MH743888	2364945
303	MH743890	2364951
303	MH743892	2364952
303	MK020543	2364945
303	MK020544	2364952
303	MK020548	2420378
303	MK020555	2364951
304	MN531377	3516
305	MN735532	190542
306	MT622824	39271
307	MZ329942	1186182
307	MZ329943	1186182
308	OL415178	2893253
309	AB675710	330717
309	AB675711	330712
309	AB675713	399618
310	GU968790	756360
310	GU968791	756361
310	GU968794	756364
310	GU968803	756359
310	KY991606	756359
311	JQ730134	416624
311	JQ730136	40003
311	KY991879	416631
311	OP627730	40003
312	KF419121	84014
313	KF694823	136215
313	KF694824	136215
313	KF694825	136215
314	KF707551	1436828
314	KF707553	1436828
314	KF707555	176252
314	KF707556	176252
314	KF707557	176252
314	KF707558	176252
314	KF707559	176252
314	KF707560	176252
314	KF707561	176252
314	KF707562	176252
314	KF707564	176252
314	KF707565	176252
314	KF707566	176252
314	KF707567	176252
314	KF707568	176252
314	KF707569	176252
314	KF707570	176252
314	KF707571	1436828
314	KF707572	176252
314	KF707573	176252
314	OR640679	176252
315	AY460460	263209
315	AY460490	263252
315	AY460503	263291
315	AY460507	263295
315	AY460508	263296
315	AY460516	263304
315	AY460525	263313
315	AY460526	263314
315	AY460527	263315
315	AY460534	263323
315	AY460535	263317
315	AY460539	263329
315	AY460546	263339
315	EU055652	476946
315	EU055658	476952
315	EU055671	476965
315	EU055678	476973
315	EU055679	476974
315	EU055714	477009
315	EU055719	477016
315	EU055723	477020
315	EU055730	477027
315	EU055731	477028
315	EU055732	477029
315	EU055734	477031
315	EU055738	477035
315	EU055745	477042
315	EU055749	477045
315	EU055750	477046
315	EU055751	477048
315	EU055752	477049
315	EU055753	477050
315	EU055761	477057
315	EU055767	477062
315	EU055772	477065
315	EU055774	477067
315	EU055781	477075
315	EU055782	477076
315	EU055784	477078
315	EU055786	477080
315	EU055790	477084
315	EU055792	477087
315	EU055795	477090
315	EU055797	477092
315	EU055800	477095
315	EU055808	477101
315	EU055810	477103
315	EU055814	477107
315	EU055815	477108
315	EU055819	477112
315	EU055821	477113
315	EU055825	477117
315	EU055828	477120
315	EU055834	477126
315	EU055835	477127
315	EU055838	477130
315	EU055843	477135
315	EU055847	477139
315	EU055852	477143
315	EU055857	477147
315	EU055858	477149
315	GQ139308	720615
315	KF821436	1419848
315	KF821473	1419879
315	KF821509	1419908
315	KF821548	427216
315	KF821551	427217
315	KF821554	427218
315	KF821560	1419967
315	KF821561	1419968
315	KF821562	1419969
315	KF821575	1419981
315	KF821576	1419982
315	KF821582	1419985
315	KF821585	1419988
315	KF821587	1173672
315	KF821597	1420000
315	KF821601	427227
315	KF821606	477065
315	KF821609	1420008
315	KF821625	1420023
315	KF821632	1420029
315	KF821638	1420033
315	KF821642	1420036
315	KF821646	1420039
315	KF821656	263305
315	KF821657	1420047
315	KF821658	1420048
315	KF821665	1420054
315	KF821670	1420059
315	KF821676	477107
315	KF821685	1420073
315	KF821692	1420079
315	KF821697	1420086
315	KF821700	1420088
315	KF821701	1420089
315	KF821708	1420093
315	KF821721	1420103
315	KF821733	1420113
315	KF821747	1420126
315	KF821769	1420138
315	KF821771	1420140
315	KJ361768	1482552
315	KJ361770	1482550
315	KJ361772	1482556
315	KJ361773	1482546
315	KJ361775	1482549
315	KR062497	1639749
315	KX073137	1482549
315	KX073143	1980082
315	KX073146	1980085
315	KX073149	1421045
315	KX073156	1980093
315	KX073157	1980094
315	KX073179	263323
315	KY992001	427259
315	MF953151	427225
315	MH743836	2364950
315	MH743837	477009
315	MH743838	2364939
315	MH743839	1419969
315	MH743840	427220
315	MH743841	1423152
315	MH743842	477029
315	MH743843	2364940
315	MH743844	477035
315	MH743845	1419981
315	MH743846	2364950
315	MH743847	2364947
315	MH743849	477045
315	MH743850	477046
315	MH743853	263297
315	MH743854	2364942
315	MH743856	2364938
315	MH743858	2364943
315	MH743859	477087
315	MH743865	477103
315	MH743868	2364946
315	MH743869	477111
315	MH743870	477112
315	MH743872	2364948
315	MH743873	1420083
315	MH743874	2364949
315	MH743875	1420086
315	MH743876	477127
315	MH743877	2364953
315	MH743879	2364940
315	MH743880	2364940
315	MH743886	1420009
315	MH743891	2364952
315	MH743893	1420098
315	MK020511	2175233
315	MK020523	2421152
315	MK020538	2420487
315	MK020546	1420083
315	MK020547	2420497
315	MK020549	1420009
315	MK020551	2364955
315	MK020552	2420370
315	MK020554	1420098
316	KP858777	3237176
316	KP858810	2747791
316	KP858811	2747791
317	KP858908	1785685
318	KU244108	223751
318	KU244109	223751
318	KU244110	223751
318	KU244111	223751
318	KU244112	1040644
318	KU244113	1040644
318	KU244114	1040644
318	KU244115	223753
318	KU244116	223753
318	KU244117	223753
318	KU244118	690718
318	KU244119	690718
318	KU244120	690718
318	KU244121	210372
318	KU244122	210372
318	KU244123	210372
318	KU244124	210372
318	KU244125	210372
318	KU244126	210372
318	KU244127	1040645
318	KU244128	1040645
318	KU244129	452568
318	KU244130	452568
318	KU244131	452568
318	KU244132	870953
318	KY235205	223753
318	KY235206	223753
318	KY235207	223753
319	KU350181	4349
319	PX586488	4349
319	PX586489	4349
320	JQ730082	1160557
320	KU501083	1827422
321	AY460461	263210
321	AY460500	263279
321	AY460514	263302
321	AY460515	263303
321	AY460530	263319
321	AY460536	263324
321	EU055654	476948
321	EU055657	476951
321	EU055661	476955
321	EU055672	476966
321	EU055686	476982
321	EU055688	3028399
321	EU055689	3028407
321	EU055690	476986
321	EU055693	476989
321	EU055694	476990
321	EU055699	3028409
321	EU055706	477001
321	EU055754	477051
321	EU055758	477055
321	EU055794	477089
321	EU055803	477098
321	EU055805	263305
321	EU055809	477102
321	EU055833	477125
321	EU055840	477132
321	EU055844	477136
321	EU055896	477170
321	EU055897	477171
321	EU069392	263303
321	GQ139305	720613
321	KF821462	1419869
321	KF821471	263251
321	KF821474	3028850
321	KF821494	3028396
321	KF821495	1419899
321	KF821498	1419901
321	KF821501	1419903
321	KF821502	1419904
321	KF821506	427184
321	KF821507	3028406
321	KF821508	3028406
321	KF821510	3028407
321	KF821512	1419911
321	KF821513	1419912
321	KF821517	1420221
321	KF821530	1419924
321	KF821531	1419925
321	KF821532	1419926
321	KF821533	1419928
321	KF821535	1419930
321	KF821567	1419974
321	KF821572	1419978
321	KF821618	1420018
321	KF821652	477098
321	KF821654	1420045
321	KF821702	1420251
321	KF821709	1420094
321	KF821737	3024232
321	KR062480	476948
321	KR062489	3028396
321	KR062491	1639745
321	KR062493	1419899
321	KR062494	3028399
321	KR062495	3028399
321	KR062496	1639748
321	KR062499	1639750
321	KR062500	1639750
321	KR062507	476986
321	KR062509	1639755
321	KR062513	1419903
321	KR062524	1639763
321	KR062532	1639767
321	KR062535	3028406
321	KR062538	1639773
321	KR062544	1639778
321	KR062545	1419911
321	KR062550	3028410
321	KR062552	1639780
321	KR062554	1639782
321	KR062559	1639785
321	KR062561	427206
321	KR062567	3028413
321	KR062569	1639790
321	KR062570	1639791
321	KR062575	1639793
321	KR062579	1639796
321	KR062582	1420124
321	KX073141	1419858
321	KX073164	1980100
321	KX073167	1980103
321	KX073175	1980111
321	KX073181	1980116
321	KY991552	263251
321	MH743864	263305
321	MK020487	2420496
321	MK020489	2420475
321	MK020501	2421163
321	MK020514	2421158
322	AY673067	4621
322	KY214933	4621
323	KY214990	1932219
323	KY215042	1932252
324	KY700376	183267
325	KY700389	126435
326	KY991507	2136458
326	KY991509	2136458
327	KY991521	2136673
327	KY991588	2136672
328	KY991524	2136464
328	KY991854	2136534
328	KY991876	2136445
328	KY991882	2136532
328	KY991982	2136644
328	KY991984	2136428
328	KY992045	2136414
329	KY991578	1898882
329	KY992065	2136657
330	KY991582	2807124
330	KY991586	2807124
330	KY991589	2136684
331	KY991598	2136596
332	KY991602	2136461
332	KY991603	2136910
333	KY991605	2494299
334	KY991614	2136595
335	KY991832	137809
335	KY991868	2136463
336	KY991913	2575258
337	KY992057	2136896
337	OL414867	2892854
337	OL414868	2892854
337	OL414871	2892856
338	AY460496	263271
338	AY460511	263299
338	AY460524	263312
338	AY460528	263316
338	AY460529	263318
338	AY460533	263322
338	EF418823	427171
338	EU055656	476950
338	EU055662	476956
338	EU055670	476964
338	EU055676	476970
338	EU055687	3028398
338	EU055692	476988
338	EU055695	3028448
338	EU055696	476992
338	EU055700	476995
338	EU055704	476999
338	EU055710	477033
338	EU055711	477071
338	EU055712	477148
338	EU055713	477008
338	EU055715	477011
338	EU055717	477013
338	EU055718	477014
338	EU055720	477017
338	EU055722	477019
338	EU055724	477021
338	EU055726	477023
338	EU055729	477026
338	EU055735	477032
338	EU055737	477034
338	EU055739	477036
338	EU055746	477010
338	EU055747	477058
338	EU055755	477052
338	EU055756	477053
338	EU055757	477054
338	EU055759	477056
338	EU055760	391060
338	EU055763	477059
338	EU055766	477061
338	EU055768	477063
338	EU055773	477066
338	EU055775	477068
338	EU055778	477072
338	EU055779	477073
338	EU055780	477074
338	EU055787	477081
338	EU055793	477088
338	EU055798	477093
338	EU055799	477094
338	EU055802	477097
338	EU055804	477099
338	EU055807	477100
338	EU055811	477104
338	EU055812	477105
338	EU055813	477106
338	EU055816	477109
338	EU055817	477110
338	EU055832	477124
338	EU055837	477129
338	EU055841	477133
338	EU055842	477134
338	EU055845	477137
338	EU055849	263322
338	EU055859	477150
338	FJ358430	638647
338	FJ358431	1419999
338	GQ139303	427151
338	GQ139304	427151
338	GQ139311	477164
338	GQ139315	720619
338	JN032012	1071692
338	KF821425	1419837
338	KF821428	1419840
338	KF821453	1419861
338	KF821461	1419868
338	KF821489	1419896
338	KF821490	1419897
338	KF821491	1420213
338	KF821500	1419902
338	KF821504	1419906
338	KF821514	1419913
338	KF821518	1420219
338	KF821520	1419915
338	KF821570	1419976
338	KF821579	1419984
338	KF821584	1419987
338	KF821586	1419989
338	KF821588	1419990
338	KF821589	1419991
338	KF821590	1419993
338	KF821596	1419999
338	KF821611	263298
338	KF821612	1420010
338	KF821615	477071
338	KF821622	1420021
338	KF821628	477081
338	KF821633	1420030
338	KF821634	1420031
338	KF821639	1420034
338	KF821641	1420035
338	KF821666	1420055
338	KF821679	1420067
338	KF821682	1420070
338	KF821704	1420253
338	KF821710	1420095
338	KF821713	263322
338	KF821714	263322
338	KF821717	1420100
338	KF821720	427244
338	KF821728	1071692
338	KF821759	1420134
338	KF821777	2420481
338	KF821778	1420262
338	KR062483	427164
338	KR062484	1639741
338	KR062492	1639746
338	KR062503	1639752
338	KR062504	1639753
338	KR062505	1639754
338	KR062506	1639754
338	KR062514	1639758
338	KR062515	1419906
338	KR062516	1639759
338	KR062520	476988
338	KR062527	1639766
338	KR062533	1639768
338	KR062534	1639769
338	KR062536	1639771
338	KR062537	1639772
338	KR062539	427191
338	KR062540	427191
338	KR062543	1639777
338	KR062546	1419912
338	KR062547	427196
338	KR062553	1639781
338	KR062555	427201
338	KR062560	476999
338	KR062563	3028412
338	KR062568	1639789
338	KR062574	1639792
338	KR062577	427250
338	KR062584	1639798
338	KR062585	477164
338	KR062586	1639799
338	KR062587	720619
338	KX073142	1980081
338	KX073144	1980083
338	KX073145	1980084
338	KX073147	1980086
338	KX073148	1980087
338	KX073150	1980088
338	KX073151	1980089
338	KX073152	1980090
338	KX073153	1980091
338	KX073154	1980092
338	KX073155	477082
338	KX073158	1980095
338	KX073159	1980096
338	KX073161	1980097
338	KX073162	1980098
338	KX073163	1980099
338	KX073165	1980101
338	KX073166	1980102
338	KX073169	1980105
338	KX073170	1980107
338	KX073172	1980108
338	KX073173	1980109
338	KX073176	1980112
338	KX073177	1980113
338	KX073178	1980114
338	KX073180	1980115
338	KY991487	1420134
338	KY991665	2170456
338	KY991805	3028448
338	KY991849	1420213
338	KY991970	1419897
338	KY991979	720619
338	MH743851	477063
338	MH743863	427236
338	MH743882	263322
338	MK020529	2420492
338	MK020530	2420414
338	MK020566	1980108
338	MK020567	2420413
338	MK020568	2420408
338	MK020569	2420454
338	MK020570	2420389
338	MK020580	2420392
338	MK020581	2420446
338	MK020582	2420393
338	MK020583	2420460
338	MK020585	2420427
338	MK020588	2420484
338	MK020589	2420415
338	MK020590	2420376
338	MK020591	2420380
338	MK020592	2420399
338	MK020593	2420396
338	MK020594	2420421
338	MK020595	2420469
338	MK020596	2420476
338	MK020597	2420494
338	MK020598	2420468
338	MK020599	2420434
338	MK020600	2420451
338	MK020601	1419992
338	MK020602	2420452
338	MK020603	2420419
338	MK020604	2420379
338	MK020605	2420491
338	MK020606	2420377
338	MK020607	477099
338	MK020608	2420442
338	MK020609	2420455
338	MK020610	2420505
338	MK020611	2420397
338	MK020612	2420445
338	MK020613	2420488
338	MK020614	2420448
338	MK020615	2420485
338	MK020616	477053
338	MK020617	2420407
338	MK020618	2420410
338	MK020619	2420461
338	MK020622	2420400
338	MK020623	2420416
338	MK020624	2420426
338	MK020625	1471872
338	MK020627	2421165
338	MK020628	477019
338	MK020629	477082
338	MK020630	2420495
338	MK020633	2420428
338	MK020635	2420387
338	MK020636	2420406
338	MK020637	477093
338	MK020638	2420433
338	MK020639	2420401
338	MK020640	1529963
338	MK020641	1529964
338	MK020646	2420412
338	MK020647	2420422
338	MK020648	2420459
338	MK020649	2420481
338	MK020650	2420462
338	MK020651	2420436
338	MK020652	2420474
338	MK020657	391060
338	MK020658	2420453
338	MK020659	477088
338	MK020660	2420405
339	MW462552	2866944
340	OP090115	2968230
341	OR594048	53159
342	MH547547	3559
342	PP658427	3559
343	PV900497	1076197
344	PX249813	50507
344	PX249814	50507
344	PX249815	50507
344	PX249816	13674
344	PX249817	13674
344	PX249818	13674
345	PX586484	3469296
345	PX586485	3469296
346	AY460450	263257
346	KF821477	1419884
346	KF821482	1419889
346	KF821483	1419890
346	KF821485	1419892
346	KY991532	2136725
346	KY991541	427162
346	KY991556	1419883
346	KY991559	485822
346	KY991634	2136557
346	KY991641	2136727
346	KY991698	2136558
346	KY991711	2136728
346	KY991713	2136726
346	KY991846	263256
346	KY992005	1419889
346	MH819875	2303605
346	MH819876	2303586
346	MH819878	2303606
347	AY460519	263307
347	EU055743	477040
347	EU055850	477141
347	KF821412	1419827
347	KF821423	1419875
347	KF821452	85187
347	KF821470	1419875
347	KF821610	1420009
347	KF821637	477086
347	KF821668	1420057
347	KF821724	1420104
347	KF821726	1420107
347	KF821748	1420127
347	MK020488	2421157
347	MK020490	2420371
347	MK020491	2420398
347	MK020492	2420438
347	MK020493	2420385
347	MK020494	2420404
347	MK020495	2420403
347	MK020496	2420409
347	MK020497	2420424
347	MK020498	2420447
347	MK020499	2420417
347	MK020500	2420384
347	MK020503	2420420
347	MK020504	2420486
347	MK020505	2421168
348	AY673044	94331
349	DQ008855	120006
350	EU055860	477151
350	EU055863	3024218
350	EU055867	477158
350	EU055868	477145
350	KF821420	1419834
350	KF821456	1419864
350	KF821457	1419865
350	KF821744	1420123
350	KJ361766	1482551
350	KJ361767	1482553
350	KJ361769	1482555
350	KJ361774	1482547
350	KY991610	427254
351	HQ688669	946572
351	HQ840772	984301
351	HQ840773	984302
352	JN187956	1093170
352	JN187957	1093170
352	JN187958	1093170
352	JN187959	1093170
352	JN187960	1093170
352	JN187961	1093170
353	JQ730036	1160510
353	KY991492	1160510
354	JQ730120	1160585
355	KF821481	1419888
355	KY991530	1419833
355	KY992008	1419888
356	AY460476	263236
356	AY460558	263352
356	EU055659	2881226
356	EU055663	476957
356	EU055664	476958
356	EU055748	477044
356	KF821422	1419870
356	KF821451	1419860
356	KF821463	1419870
356	KF821465	1420209
356	KF821492	1593454
356	KF821546	1419958
356	KF821547	1593456
356	KF821549	1186161
356	KF821555	1419962
356	KF821563	1419971
356	KF821566	1419973
356	KF821568	1076883
356	KF821608	1420007
356	KF821614	1420016
356	KF821624	681463
356	KF821626	1420024
356	KF821651	1420044
356	KF821660	1420050
356	KF821661	1420051
356	KF821671	1420060
356	KF821680	1420068
356	KF821695	1420081
356	KF821706	1420091
356	KF821757	557985
356	KX073160	1593456
356	MK020528	2420477
357	KC420492	1002525
357	KP858807	2747791
358	KT151674	118357
358	KT151675	118338
358	LC610888	2819675
359	KU350155	82758
360	KU350163	55375
361	KU350164	84016
362	KU350185	84021
363	KU501082	1827430
364	KY992053	2136523
364	KY992056	2136895
364	KY992058	2136897
365	LC610876	75585
366	MH712542	2292116
367	KY991978	2136875
367	KY992002	1170333
367	KY992003	1914271
367	MH708159	1277826
367	MK258149	1914271
367	MK258150	1914271
368	MK397056	195526
368	MK397061	195526
368	MK397064	195526
368	MK397065	195526
368	MK397067	195526
368	MK397068	195526
368	MK397071	195526
368	MK397077	195526
368	MK397078	195526
369	MN095646	2708236
370	MN531352	21017
370	MN531353	21017
370	MN531354	21017
370	MN531355	211500
370	MN531356	211500
370	MN531357	211500
370	MN531358	211500
370	MN531359	312790
370	MN531360	312790
370	MN531361	312790
370	MN531362	312788
370	MN531363	1685999
370	MN531364	253225
370	MN531365	38787
370	MN531366	3507
370	MN531367	312789
370	MN531368	216992
370	MN531369	78630
370	MN531370	216994
370	MN531371	216994
370	MN531372	216994
370	MN531373	284673
370	MN531374	312787
370	MN531375	1685997
370	MN531376	253224
370	MN531378	3505
370	MN531379	216990
370	MN531380	216990
370	MN531381	216990
371	OK447718	41689
372	OK667226	52491
373	OP090082	2968229
373	OP090111	2968229
374	KX656898	112863
374	KX656899	112863
374	KX656900	112863
374	KX656901	112863
374	KX656902	112863
374	OR019834	155082
375	OR640678	84018
376	PP232121	2839644
377	PV900847	194564
377	PV900857	194564
377	PV900878	194564
377	PV900879	194564
378	PX423913	2006516
379	AY181588	223074
380	AY460434	263335
380	JQ730126	263335
380	JQ730127	1160591
380	MH430239	2571298
381	AY460501	263289
382	AY673061	94378
383	AY673065	210073
384	JQ730050	1160524
385	JX975691	238288
385	JX975692	238288
385	JX975693	238288
386	AY460451	263258
386	EU055684	476980
386	KF821480	1419887
386	KF821484	1419891
386	KY991689	2136554
386	KY992004	476980
386	KY992006	1419891
387	EU055742	477039
387	KF821578	477038
387	KF821635	427231
387	KF821663	681464
388	KJ888484	1612148
388	KJ888485	1612148
388	KJ888486	76095
388	KJ888487	1612138
388	KJ888495	1612139
388	KJ888496	1612139
388	KJ888497	1612139
388	KJ888498	1612145
388	KJ888506	1612147
388	KJ888514	1612142
388	KJ888518	76132
388	KJ888519	76132
388	KJ888521	1612144
388	KJ888524	1506998
388	KJ888525	1616793
388	KJ888526	1550267
388	KJ888528	1612148
388	KJ888535	1612143
388	KJ888536	1612143
388	KJ888537	76132
389	KP718476	1721047
390	KP718477	1721052
391	KP858782	1785687
392	KP858809	1661604
393	KU350179	95636
394	KY214956	1932194
394	KY214972	1932206
394	KY214982	1932213
394	KY214985	1932214
394	KY214996	1932225
394	KY214998	1932227
394	KY215002	1932231
394	KY215003	1932232
394	KY215025	1932242
394	KY215036	796950
394	KY215037	1932248
394	KY215043	1932253
394	KY215046	1932256
394	KY215055	1932261
394	KY215056	1932262
394	KY215057	1932263
394	KY215069	1932272
394	KY215089	1932285
394	KY215090	1932286
394	KY215093	1932289
394	KY215100	1932294
394	KY215107	1932296
394	KY215109	1932298
394	KY215110	1932299
394	KY215115	1932303
394	KY215119	1932307
394	KY215124	1932311
394	KY215125	1932313
394	KY215132	1932192
394	KY215134	1932318
395	KY700428	212256
396	KY700486	50193
397	KY991485	1170335
397	KY991553	1130848
397	KY991555	2136693
397	KY991692	2136694
397	KY991811	1170342
397	KY991980	2136737
397	KY992012	2136692
397	KY992040	1277830
397	KY992043	2136691
397	KY992066	121092
397	MK184619	1170342
398	KY991616	2136446
399	KY991836	137790
399	KY991861	2136422
399	KY991865	137790
399	KY991869	2136422
400	KY992010	2136479
401	LC610873	313334
401	LC610874	313334
401	LC610880	118340
401	LC610881	118340
401	LC610882	118340
401	LC610883	118340
401	LC610884	118340
401	LC610885	118340
401	LC610886	118340
401	LC610887	118340
401	LC610890	75584
402	AY460521	263309
402	EU055725	477022
402	EU055886	477164
402	GQ139302	427151
402	GQ139309	3024231
402	KR062479	1639740
402	KR062481	1593452
402	KR062521	427183
402	KR062572	3024231
402	MK020524	2420450
403	MK020562	2421153
404	MT661615	2747978
405	MW079311	258457
406	MW462548	137804
407	MW462549	2866942
408	MZ926942	2872668
409	OP070065	687675
409	OP070066	1442805
410	OP090093	496688
410	OP090103	496688
411	OP090104	2968228
412	OP090114	496691
413	PV809965	159034
414	X17534	4039
415	AF156675	3818
416	AY460502	263290
416	EU055777	477070
416	KF821643	1420037
417	AY673051	210053
418	AY673055	210057
419	AY673057	4625
420	AY673062	210094
421	EF526395	4419
422	EF526404	35928
423	AY460506	263294
423	EU055769	263294
423	EU055770	263294
423	EU055806	263306
423	EU055846	477138
423	FJ358429	263294
423	KF821600	263294
424	JN796923	1115516
425	JQ730094	1160567
425	JQ730095	557982
426	KC295066	3420723
426	KC295068	3420723
426	KC295072	3420723
427	KC295079	2806829
427	KC295082	2806829
427	OP090092	239640
428	KC295080	496669
428	KC295081	496669
428	KC295083	2806829
428	KC295087	496669
429	KF694806	71610
429	KF694807	105674
430	AY460540	3028400
430	EU055648	476944
430	EU055649	476945
430	EU055667	476961
430	EU055668	476962
430	EU055673	476967
430	EU055674	2420490
430	EU055680	476975
430	EU055728	477025
430	EU055848	477140
430	EU055862	3019479
430	EU055871	477161
430	KF821407	1419823
430	KF821408	1419824
430	KF821409	445998
430	KF821410	3019485
430	KF821411	1419826
430	KF821416	2420463
430	KF821417	1419830
430	KF821424	1593452
430	KF821437	2881228
430	KF821446	1419857
430	KF821515	1593453
430	KF821516	3028411
430	KF821559	1419966
430	KF821599	1420002
430	KF821730	1420110
430	KF821734	1420114
430	KF821736	1420116
430	KF821739	1420119
430	KF821746	3019476
430	KF821750	1420129
430	KF821751	1630393
430	KF821764	1420136
430	KF821765	1420136
430	KF821772	119895
430	KJ418738	1489061
430	MK020478	2420501
430	MK020479	2420490
430	MK020481	2420463
430	MK020483	1630383
430	MK020484	427185
430	MK020485	2421156
431	KF821478	1419885
431	KY991691	2136883
431	KY992007	1419885
431	MH819879	2303607
432	EU055830	477122
432	KF821429	1419841
432	KF821577	263292
432	KF821595	1419998
432	KF821604	681462
432	KF821725	1420105
432	KF821727	1420108
432	KR062576	1639794
432	KR062580	1639797
432	KR062581	1639797
432	KX073139	1980079
432	MK020512	1980079
432	MK020525	2420503
433	EU055716	477012
433	EU055818	477111
433	EU055853	477144
433	KF821619	1420019
433	KF821640	477090
433	KF821649	1420041
433	KF821650	1420042
433	KF821677	1420065
433	KF821703	1420252
433	KF821729	1420109
433	MH743866	427237
433	MK020531	2420478
433	MK020532	2420480
434	AY460520	263308
434	KF821557	1419964
434	KF821620	427228
434	KF821623	1420022
434	MH743852	477065
435	AY460498	119889
435	AY460499	263275
435	AY460547	263342
435	AY460548	263343
435	AY460549	263344
435	AY460550	263345
435	AY460552	263347
435	AY460554	3021299
435	AY460555	263349
435	AY460557	263351
435	AY460560	3021301
435	AY460561	263354
435	EU055854	477145
435	EU055895	3021299
435	KF821443	1419855
435	KF821450	263242
435	KF821553	1419961
435	KF821647	427235
435	KF821653	477098
435	KF821691	427241
435	KF821742	1420122
435	KF821773	1420141
435	KF821774	1420142
435	KF821776	1420144
435	KF821779	1420145
435	KX073174	1980110
435	KY991812	477145
435	KY991814	263275
435	MK020541	2420504
436	KJ888489	76100
437	KP718407	99048
437	KP718408	1721053
437	KP718409	1721054
437	KP718410	1721058
437	KP718411	1721059
437	KP718412	1721056
437	KP718413	1721057
437	KP718414	1721055
437	KP718415	1721054
437	KP718416	1721049
437	KP718417	1721080
437	KP718418	1721076
437	KP718419	1721069
437	KP718420	1721084
437	KP718422	1721073
437	KP718423	1721073
437	KP718424	1721073
437	KP718425	1721082
437	KP718426	1721082
437	KP718427	1721078
437	KP718428	1721078
437	KP718431	1721069
437	KP718432	379275
437	KP718433	379275
437	KP718434	379275
437	KP718435	379275
437	KP718436	379275
437	KP718437	379275
437	KP718438	379275
437	KP718439	1721068
437	KP718440	1721072
437	KP718441	1721070
437	KP718442	1721071
437	KP718447	1721083
437	KP718449	1721067
437	KP718451	1721074
437	KP718452	1721068
437	KP718453	1721075
437	KP718454	1721086
437	KP718456	1721085
437	KP718457	99086
437	KP718458	99086
437	KP718459	99086
437	KP718460	1721064
437	KP718461	1721064
437	KP718462	1721064
437	KP718463	1721064
437	KP718464	379266
437	KP718465	1721063
437	KP718466	1721061
437	KP718467	1721065
437	KP718468	1721051
437	KP718469	1721051
437	KP718470	378875
437	KP718471	378875
438	KU525650	35924
438	KU525651	35924
438	KU525654	35924
438	KU525655	35924
438	KU525656	35924
438	KU525657	35924
438	KU525660	35924
438	KU525661	35924
438	KU525662	35924
438	KU525663	35924
438	KU525665	35924
438	KU525667	35924
438	KU525668	35924
438	KU525669	35924
438	KU525670	35924
439	KU525666	35924
440	KX108698	52462
441	KX889219	2015412
441	KX889220	2015412
441	KX889234	2015416
441	KX889235	2015416
441	KY992035	2015416
442	KX889297	2015428
442	KX889298	2015428
443	KY700228	141292
444	KY700255	123415
444	KY700256	123415
445	LC610892	187153
445	LC610895	187153
446	KY991997	2136873
446	MH708154	2291927
446	MH708158	2291929
446	MH708160	2291928
446	MK258154	2492901
446	MK258161	2492905
446	MK258162	2492909
446	MK258165	2492910
446	MK258167	2492906
446	MK258169	2492907
447	JQ730121	557986
447	KF821756	557984
447	KF821758	557986
447	KY991486	557984
447	MH743832	557984
448	AY460446	263207
448	AY460448	263215
448	AY460455	263282
448	AY460457	263284
448	KF821399	1419819
448	KF821401	1593451
448	KF821402	1419821
448	KF821404	1420199
448	KF821405	1420200
448	KF821406	1420201
448	KF821441	1419853
448	KF821523	1419917
448	KF821526	1419920
448	KF821537	1419949
448	KF821544	1419956
448	KY991534	2136609
448	KY991535	2136704
448	KY991536	2136484
448	KY991538	2136608
448	KY991539	1835397
448	KY991546	2136606
448	KY991549	2136604
448	KY991550	2136601
448	KY991557	1419822
448	KY991562	1419957
448	KY991563	1569010
448	KY991623	2136930
448	KY991632	1419821
448	KY991633	2136931
448	KY991642	263207
448	KY991658	477003
448	KY991661	2136607
448	KY991668	2136483
448	KY991677	2136611
448	KY991680	427215
448	KY991700	2136602
448	KY991703	2136599
448	KY991706	2303617
448	KY991714	2136603
448	KY991807	263215
448	KY991808	1420200
448	KY991809	1419956
448	KY991810	2136482
448	KY991906	1419917
448	KY991929	2136932
448	KY991930	2136610
448	KY991960	2136600
448	KY991969	119893
448	KY991977	2136872
448	KY991990	1419949
448	MH819864	2303599
448	MH819867	2136482
448	MH819868	2303584
448	MH819869	2303601
448	MH819871	2136486
448	MH819872	2303585
448	MH819873	2303603
448	MH819890	2303616
448	MH819892	2303618
448	MH819894	2303620
448	MH819896	2303588
448	MH819897	2303622
448	MH819898	2303623
448	MH819902	2307180
448	MH819903	2303626
448	MH819904	2303627
448	MH819905	119893
448	MH819906	2303628
448	MH819907	2303629
448	MH819908	2303630
448	MH819909	2303589
448	MH819910	2303610
448	MH819911	2303590
448	MH819912	2303631
448	MH819913	2303591
448	MH819914	2303592
448	MH819915	2303593
448	MH819916	2303594
448	MH819917	2303595
448	MH819919	2303596
448	MH819920	2303633
448	MH819921	2303633
448	MH819923	2303597
448	MH819924	1419957
448	MH819925	2303635
448	MH819926	2303636
448	MK020471	2303612
449	MK295085	280063
450	JQ730131	1160593
450	JQ730133	1169104
450	MT000954	1421373
451	JQ730069	1160543
451	JQ730091	266541
451	JQ730092	266543
451	JQ730093	557980
451	JQ730242	266557
451	KF463033	1412879
451	KF463034	1412880
451	KU501105	1412882
451	KU845165	1412881
451	KU845166	1412884
451	KY991528	990356
451	KY991724	2136541
451	KY991727	2136690
451	KY991728	1421369
451	KY991734	2136543
451	KY991738	2136689
451	KY991745	2136619
451	KY991748	2136615
451	KY991754	2136617
451	KY991756	2136573
451	KY991759	266560
451	KY991760	266537
451	KY991762	266540
451	KY991763	266542
451	KY991764	266544
451	KY991765	266558
451	KY991766	2136574
451	KY991768	266538
451	KY991769	266539
451	KY991778	2136578
451	KY991779	2136724
451	KY991780	2136575
451	KY991781	2136581
451	KY991782	266543
451	KY991784	266541
451	KY991785	2136569
451	KY991786	2136572
451	KY991787	2136576
451	KY991788	2136577
451	KY991789	2136579
451	KY991790	2136582
451	KY991791	2136924
451	KY991792	2136583
451	KY991793	113468
451	KY991794	2136580
451	KY991795	2136571
451	KY991796	1160543
451	KY991797	2136542
451	KY991798	1412884
451	KY991799	557980
451	KY991883	266556
451	KY991886	1412881
451	KY991887	2136943
451	KY991888	2136618
451	KY991889	2136613
451	KY991891	113470
451	KY991893	2136944
451	KY991897	2136682
451	KY991900	2136570
451	KY991901	2136616
451	KY991902	2136614
451	KY991903	2136688
451	KY991904	1421371
451	KY991905	266550
451	KY992041	2136544
451	MT536222	2740636
451	MT536230	2136475
451	MT536231	266543
451	MT536232	2559492
451	MT536233	2136572
451	MT536234	2740604
451	MT536235	2740624
451	MT536236	2136619
451	MT536238	266554
451	MT536239	2740657
451	MT536240	2740592
451	MT536241	1160543
451	MT536242	2740597
451	MT536243	2136576
451	MT536244	2740599
451	MT536245	113468
451	MT536246	2740607
451	MT536247	2740614
451	MT536248	2740639
451	MT536249	2136688
451	MT536250	266556
451	MT536251	2740661
451	MT536252	2740555
451	MT536253	2740615
451	MT536254	2740601
451	MT536255	2136613
451	MT536256	2740602
451	MT536257	2740617
451	MT536258	2740606
451	MT536259	2136618
451	MT536260	1412881
451	MT536261	2740608
451	MT536262	2740609
451	MT536263	2740605
451	MT536264	2740610
451	MT536265	2740612
451	MT536266	2740613
451	MT536267	113470
451	MT536268	1421371
451	MT536269	2740620
451	MT536270	2740622
451	MT536271	1412884
451	MT536272	2740623
451	MT536273	2740594
451	MT536274	2740621
451	MT536275	2740625
451	MT536276	2740626
451	MT536277	2740627
451	MT536278	2740556
451	MT536279	2740629
451	MT536280	2740637
451	MT536281	2740630
451	MT536282	2740631
451	MT536283	2740634
451	MT536284	2740641
451	MT536285	2740642
451	MT536286	2740643
451	MT536287	2740644
451	MT536288	2740645
451	MT536289	2740646
451	MT536290	2740647
451	MT536291	2740549
451	MT536292	2740648
451	MT536293	2740652
451	MT536294	2740653
451	MT536295	2740654
451	MT536296	266550
451	MT536297	2740554
451	MT536298	2740550
451	MT536299	2740593
451	MT536300	2136569
451	MT536301	266537
451	MT536302	2740598
451	MT536303	266538
451	MT536304	2136574
451	MT536305	266541
451	MT536306	266539
451	MT536307	2136579
451	MT536308	2136583
451	MT536309	2740548
451	MT536310	2740656
451	MT536311	2740659
451	MT536312	266557
451	MT536313	266558
451	MT536314	2740662
451	MT536315	2740547
451	MT536316	2740611
451	MT536317	2740595
451	MT536318	2740596
451	MT536319	2740649
451	MT536320	2740638
451	MT536321	2740551
451	MT536322	2740651
451	MT536323	2740552
451	MT536324	2740619
451	MT536325	266547
451	MT536326	2740603
451	MT536327	2740616
451	MT536328	2740633
451	MT536329	2740553
451	MT536330	2740600
451	MT536331	2740618
451	MT536332	2136544
451	MT536334	2740660
451	MT536337	2740658
451	MT536339	2740632
451	MT536340	2740640
451	MT536341	2740650
451	OP627680	2136541
451	OP627681	1160543
451	OP627682	266560
451	OP627683	2136542
451	OP627684	1160543
451	OP627685	2984487
451	OP627686	2136543
451	OP627687	2136544
451	OP627690	2136569
451	OP627691	266537
451	OP627692	2136570
451	OP627693	2136571
451	OP627694	266538
451	OP627695	2136572
451	OP627696	266539
451	OP627697	113468
451	OP627698	266540
451	OP627699	2136573
451	OP627700	2136574
451	OP627701	2136575
451	OP627702	2136576
451	OP627703	2984987
451	OP627704	2136577
451	OP627705	266542
451	OP627706	266543
451	OP627707	2984987
451	OP627708	2136578
451	OP627709	2984486
451	OP627710	2136579
451	OP627711	2136580
451	OP627712	2136581
451	OP627713	2136582
451	OP627714	2136583
451	OP627715	2984989
451	OP627716	2984473
451	OP627717	2984474
451	OP627718	2984475
451	OP627719	2136615
451	OP627720	2984476
451	OP627721	2136617
451	OP627722	2136618
451	OP627723	2984477
451	OP627724	1421371
451	OP627725	1412884
451	OP627726	266547
451	OP627727	266550
451	OP627728	2136619
451	OP627735	2740625
451	OP627736	2984490
451	OP627737	2869509
451	OP627738	2740653
451	OP627739	2984488
451	OP627740	2740595
451	OP627741	2136943
451	OP627742	2984478
451	OP627743	2740618
451	OP627745	2984990
451	OP627746	2740662
451	OP627747	1412883
451	OP627749	266558
451	OP627750	2740659
451	OP627751	2984986
451	OP627752	2984479
451	OP627754	2984480
451	OP627755	2740649
451	OP627756	2740635
451	OP627758	2559492
451	OP627759	2740630
451	OP627760	2740623
451	OP627761	2740613
451	OP627762	2984477
451	OP627763	2740599
451	OP627764	2740624
451	OP627765	2740658
451	OP627766	2984988
451	OP627767	2740661
451	OP627768	2984481
451	OP627769	2740611
451	OP627770	113470
451	OP627771	2740596
451	OP627772	2740597
451	OP627773	2740610
451	OP627774	2740609
451	OP627775	2740642
451	OP627777	2740603
451	OP627778	2984489
451	OP627779	2984483
451	OP627780	2984492
451	OP627781	2984484
451	OP627782	266554
451	OP627784	2740656
451	OP627786	2136688
451	OP627787	266556
451	OP627788	2136689
451	OP627789	266557
451	OP627790	266558
451	OP627791	2136690
451	OP627792	2984491
451	OP627793	2740660
452	OP090083	2968226
453	OP090108	99506
454	OP090110	473993
455	OR640674	176255
456	OR640675	176255
457	PP218138	105884
457	PP218139	105884
457	PP218140	105884
457	PP218141	105884
457	PP218142	105884
457	PQ475874	638627
457	PQ475875	638627
457	PV349949	638626
457	PV349950	638626
457	PV349951	638626
458	AY460484	263245
458	AY460522	263310
458	EU055655	2881223
458	EU055675	476969
458	KF821448	1419859
458	KF821455	2886329
458	KF821464	1420210
458	KF821466	263245
458	KF821573	1419979
458	KF821681	1420069
458	KY991533	2881223
458	MK020519	2421150
458	MK020520	2421151
458	MK020521	2421154
458	MK020522	2420425
458	MK020527	2420464
459	AY673054	210085
459	AY673068	210078
460	AY673056	45001
461	EF526363	438839
461	EF526364	438839
461	EF526365	438839
461	EF526366	208866
461	EF526393	208867
461	EF526397	438839
461	EF526398	438839
461	EF526410	208874
462	AY460494	263269
462	AY460495	263270
462	EU055691	476987
462	EU055701	476996
462	EU055702	476997
462	EU055861	2881224
462	KF821511	1419910
462	MK020476	2421169
462	MK020477	2421171
463	JQ730048	1160522
463	KX889213	2015410
463	KX889214	2015410
463	KX889215	1160522
463	KX889216	1160522
463	KX889217	2017664
463	KX889218	2017664
463	KY992049	2136871
464	AY460437	263341
464	AY460438	113480
464	JQ730052	1160527
464	JQ730054	1160529
464	JQ730055	1160530
464	JQ730056	1160531
464	JQ730057	1160532
464	JQ730058	1160533
464	JQ730059	1160534
464	JQ730060	1160535
464	JQ730150	1160613
464	JQ730159	1160622
464	JQ730167	1160630
464	JQ730168	1160631
464	JQ730169	1160632
464	JQ730171	1160634
464	JQ730174	1160637
464	JQ730175	1160638
464	JQ730187	1160649
464	JQ730188	263341
464	JQ730189	1160650
464	JQ730190	1160651
464	JQ730192	1160652
464	JQ730194	2772858
464	JQ730196	1160656
464	JQ730200	1160660
464	JQ730201	1160661
464	JQ730204	113480
464	JQ730211	1160670
464	JQ730212	1160671
464	JQ730216	1160675
464	JQ730218	1160677
464	JQ730220	1160678
464	JQ730226	1160683
464	JQ730230	1160687
464	JQ730240	1160697
464	KF463025	1412940
464	KF463026	1421503
464	KF463028	1416732
464	KF463029	1416733
464	KF463031	1421497
464	KF463039	1412885
464	KF463041	1412943
464	KF463043	1412945
464	KF463044	1412887
464	KF463045	1412887
464	KF463046	1412878
464	KF463047	1412888
464	KF463048	1412889
464	KF463050	1416735
464	KF463051	1416736
464	KY991558	1160661
464	KY991818	263341
464	KY991927	2136893
464	KY991975	2136474
464	KY991986	1160637
464	MH430228	2571290
464	MH430229	2571291
464	MH430230	2571292
464	MH430231	2571293
464	MH430232	2571294
464	MH430233	2571295
464	MH430234	2571282
464	MH430235	2571296
464	MH430237	1160649
464	MH430238	2571297
464	MH430240	2571299
464	MH430241	2845201
464	MH430242	2571300
464	MH430243	2571301
464	MH430244	2571302
464	MH430245	2571303
464	MH430246	2571284
464	MH430248	2571304
464	MT000922	2772853
464	MT000929	2845202
464	MT000938	2772604
464	MT000939	2772605
464	MT000942	2571301
464	MT000943	2845204
464	MT000944	1160683
464	MT000950	2845198
464	MT000952	2845200
465	JQ730090	1160566
465	JQ730107	2806858
465	JQ730143	1160605
465	JQ730144	1160606
465	JQ730145	1160607
465	JQ730146	1160609
465	JQ730147	1160608
465	JQ730148	1160610
465	JQ730149	1160612
465	JQ730151	2806855
465	JQ730152	1160615
465	JQ730153	1160616
465	JQ730156	1160619
465	JQ730157	1160620
465	JQ730158	1160621
465	JQ730161	1160624
465	JQ730162	1160625
465	JQ730164	1160627
465	JQ730165	1160628
465	JQ730166	1160629
465	JQ730170	1160633
465	JQ730172	1160635
465	JQ730173	1160636
465	JQ730176	1160639
465	JQ730177	1160640
465	JQ730178	1160641
465	JQ730179	1160642
465	JQ730180	1160643
465	JQ730181	397187
465	JQ730182	1160644
465	JQ730183	1160645
465	JQ730185	1160647
465	JQ730186	1160648
465	JQ730191	596821
465	JQ730193	1160653
465	JQ730195	1160655
465	JQ730197	1160657
465	JQ730198	1160658
465	JQ730199	1160659
465	JQ730202	1160662
465	JQ730205	1160664
465	JQ730206	1160665
465	JQ730207	1160666
465	JQ730208	1160667
465	JQ730209	1160668
465	JQ730210	1160669
465	JQ730213	1160672
465	JQ730215	1160674
465	JQ730217	1160676
465	JQ730221	1160679
465	JQ730222	720873
465	JQ730223	1160680
465	JQ730224	1160681
465	JQ730225	1160682
465	JQ730227	1160684
465	JQ730228	596822
465	JQ730229	1416737
465	JQ730231	1160686
465	JQ730232	1160688
465	JQ730233	1160689
465	JQ730235	1160691
465	JQ730236	1160693
465	JQ730237	1160694
465	JQ730238	1160695
465	JQ730239	1160696
465	KF463036	1160608
465	KF463037	1160609
465	KY991725	1160644
465	KY991726	2806858
465	KY991987	1160689
465	MT000953	2772564
465	OP627783	1160644
466	AY460491	263253
466	EU055677	476972
466	EU055681	476976
466	EU055776	477069
466	KF821467	1419871
466	KF821472	1419878
466	KF821598	1420001
466	KF821602	1420003
466	KF821712	1420097
466	KX073168	1980104
466	MH743861	427233
466	MH743881	2364956
467	EU055697	476993
467	EU055785	477079
467	KF821415	1419829
467	KF821722	477144
467	KR062490	1639744
468	KJ888529	76098
469	KU350158	13417
470	KU350161	13435
470	KU350162	191065
471	JQ730043	1160515
471	KF821655	1420046
471	KU501058	1827404
471	KU501059	1827398
471	KU501060	1160517
471	KU501061	1827405
471	KU501062	1827407
471	KU501063	1827410
471	KY991544	1160517
471	KY991712	1827407
471	KY991776	1160515
471	KY991885	1827408
471	OP627677	1160517
472	JQ730097	1160569
472	JQ730098	1160570
472	JQ730099	1160571
472	JQ730100	1160572
472	JQ730101	1160573
472	JQ730102	263277
472	KU501084	1827438
472	KU501085	1827433
472	KU501086	1827432
472	KU501087	1827442
472	KU501088	1827439
472	KU501089	1827434
472	KU501090	1827436
472	KU501091	1827437
472	KU501092	1827441
472	KU501093	1827440
472	KU501094	1827443
472	KU501095	1827431
472	KY991730	1160569
472	KY991733	2136587
472	KY991739	1827432
472	KY991740	1160573
472	KY991741	1827434
472	KY991744	1160572
472	KY991746	1827442
472	KY991749	2136590
472	KY991750	1827439
472	KY991751	1827438
472	KY991752	2136925
472	KY991757	2136588
472	KY992033	2136589
472	OR271874	1827431
472	OR271876	3062101
472	OR271877	3062102
472	OR271880	3062104
472	OR271881	2136588
472	OR271882	3062099
472	OR271883	3062098
472	OR271885	3062093
473	KU525652	35924
474	KF821421	1419835
474	KF821458	1419866
474	KX073140	1980080
474	MK020536	2421155
474	MK020537	2421162
475	KX889233	2015419
475	KX889242	2015419
475	KX889252	2015446
475	KX889253	2015420
475	KX889261	2015420
476	JQ730076	130528
476	JQ730139	1160599
476	JQ730140	1160600
476	KX889243	130507
476	KX889245	2015448
476	KX889246	2015448
476	KX889247	2015448
476	KX889258	1389752
476	KX889266	2017666
476	KX889302	2015453
476	KY991852	2136478
476	KY992014	2136666
476	KY992018	1160599
476	KY992020	1160600
476	KY992026	2136478
476	KY992027	2136665
476	KY992038	130507
477	KY991594	2136874
477	MK258152	2136488
478	KY991815	557988
479	LC656563	1751285
480	LC714807	308170
480	LC714808	308170
480	LC714809	308170
480	LC714810	2952726
480	LC714811	2952726
480	LC714812	1479344
480	LC714813	1479344
480	LC714814	1479344
480	LC714815	1479343
480	LC714816	1479343
480	LC714817	1479343
480	LC714818	1479343
480	LC714819	1479343
480	LC714820	1479343
480	LC714821	2952727
480	LC714822	2976776
480	LC714823	2976776
480	LC714824	2976776
480	LC714825	2976776
480	LC714826	1479345
480	LC714827	1479345
480	LC714828	1479346
480	LC714829	1479346
480	LC714830	1479346
480	LC714831	1479346
480	LC714832	2952728
481	LM997529	35894
482	MH547541	151065
483	KY991600	2136705
483	MH708155	2291926
483	MK258151	2493496
483	MK258158	2492904
483	MK258163	2492910
483	MK258164	2492910
484	MK258157	2492903
485	OP090101	496693
485	OP090107	496693
486	PV537477	110690
486	PV537481	110690
486	PV537491	110690
487	PV900771	2873749
488	AB675893	122313
489	AY460469	263229
489	AY460479	2806839
489	AY460505	263293
489	EF418819	427168
489	EF418862	427204
489	EU055685	3028395
489	EU055698	3028404
489	EU055703	476998
489	EU055865	477157
489	GQ139306	720614
489	GQ139310	720617
489	KF821434	1419846
489	KF821493	3028396
489	KF821496	1419899
489	KF821499	427168
489	KF821503	3028404
489	KF821519	3028398
489	KF821521	1419916
489	KF821525	1419919
489	KF821731	1420111
489	KF821738	1420118
489	KF821745	1420124
489	KR062485	3028395
489	KR062486	3028395
489	KR062487	1639742
489	KR062501	1639751
489	KR062502	1639752
489	KR062508	1639755
489	KR062510	1639755
489	KR062511	1639757
489	KR062512	1639757
489	KR062517	3028398
489	KR062518	3028398
489	KR062519	3028398
489	KR062522	3028405
489	KR062523	3028405
489	KR062525	1639764
489	KR062526	3028638
489	KR062528	3028402
489	KR062529	3028402
489	KR062530	3028402
489	KR062531	3028402
489	KR062541	3028408
489	KR062542	1639776
489	KR062548	427197
489	KR062549	3028410
489	KR062551	1639779
489	KR062556	476998
489	KR062557	1639783
489	KR062558	1639784
489	KR062562	3028412
489	KR062564	427207
489	KR062565	1639788
489	KR062566	1639788
489	KR062571	1420111
489	KR062573	3024231
489	KR062578	3024234
489	KR062583	720617
489	KY991911	1419916
489	MH819881	2303608
489	MK020473	2420498
490	AY460468	263228
490	AY460470	263230
490	AY460472	263232
490	AY460473	263233
490	AY460475	263235
490	AY460478	263240
490	AY460481	119881
490	AY460482	2884811
490	AY460483	263244
490	AY460537	263327
490	AY460559	263353
490	EF418917	427255
490	EU055653	2881224
490	EU055660	476954
490	EU055665	476959
490	EU055666	476960
490	EU055669	2884803
490	EU055866	2136426
490	EU055887	477166
490	EU055888	1420135
490	KF821427	1419867
490	KF821438	1419850
490	KF821439	1419851
490	KF821444	1419856
490	KF821459	1419867
490	KF821460	263244
490	KF821469	1419873
490	KF821752	2421160
490	KF821753	1420132
490	KF821754	1420132
490	KF821755	2420499
490	KF821760	1420135
490	KF821762	1420135
490	KF821763	2136426
490	KY991609	1420135
490	MK020515	2420500
490	MK020516	2421160
490	MK020517	1630403
490	MK020518	2421164
490	MK020526	2421159
491	EU055823	477115
491	KF821581	263293
491	KF821678	1420066
491	KY991565	263293
491	MK020474	263302
491	MK020475	2420493
492	JF461354	754786
492	KC511491	754785
493	JQ730047	1160520
493	JQ730078	1160550
493	KX889244	2017474
493	KX889249	2015449
493	KX889250	2015449
493	KX889251	2015449
493	KY992017	2136667
494	JQ730132	1160594
495	KF821497	1419900
495	KY991819	2806839
496	KF821636	1420032
497	KJ888488	76101
497	KJ888501	647428
497	KJ888504	76094
497	KJ888505	76105
497	KJ888508	76103
497	KJ888515	647436
497	KJ888520	336662
497	KJ888531	447319
497	KJ888532	447319
497	KJ888533	447319
498	KP858806	2747790
499	KU350171	128893
500	KU501079	1827424
500	KY991564	2136552
501	KU525649	35924
502	KY700384	2093936
503	KY700477	1158817
504	KY991619	1170331
504	MK184563	1170331
505	KY991722	1136789
506	KY991847	2136697
507	KY991873	1170341
507	MH819928	2303638
508	AY460441	263218
508	AY460445	263216
508	KY991551	756358
508	KY991628	1972896
508	KY991636	2136514
508	KY991637	2136494
508	KY991638	2136492
508	KY991643	2136500
508	KY991644	2136876
508	KY991645	1972922
508	KY991646	2136717
508	KY991647	2028293
508	KY991648	2136877
508	KY991649	2136714
508	KY991650	263355
508	KY991651	1972919
508	KY991652	2028295
508	KY991653	2170451
508	KY991654	2028293
508	KY991655	2136516
508	KY991657	2136498
508	KY991659	2136511
508	KY991662	2136492
508	KY991663	2136712
508	KY991664	2028295
508	KY991666	2136878
508	KY991667	2028292
508	KY991669	2136879
508	KY991670	2136518
508	KY991671	2136719
508	KY991672	2136880
508	KY991673	2136489
508	KY991675	2136718
508	KY991676	2136715
508	KY991678	2136881
508	KY991679	2136515
508	KY991681	2136716
508	KY991684	2028292
508	KY991687	2028292
508	KY991688	2136496
508	KY991690	2136882
508	KY991694	1972924
508	KY991696	1277819
508	KY991704	1972931
508	KY991705	2136507
508	KY991707	2136507
508	KY991716	2136898
508	KY991717	2136513
508	KY991718	2170453
508	KY991719	2136884
508	KY991933	2136721
508	KY991934	2136709
508	KY991935	2136548
508	KY991936	2136491
508	KY991937	2136490
508	KY991938	2136503
508	KY991939	2136885
508	KY991940	2136517
508	KY991941	2028298
508	KY991942	2136886
508	KY991943	2136497
508	KY991944	2136887
508	KY991945	2136505
508	KY991946	2136502
508	KY991947	2136888
508	KY991948	2028294
508	KY991949	2136889
508	KY991950	2136508
508	KY991951	2136501
508	KY991952	2136509
508	KY991953	2136504
508	KY991954	2136490
508	KY991955	2136890
508	KY991956	2136499
508	KY991957	2136506
508	KY991958	2136891
508	KY991959	2136892
508	KY991962	2136711
508	KY992011	263217
509	JQ730074	1160547
509	JQ730075	1160548
509	JQ730088	1160563
509	JQ730089	40000
509	KX889221	1160547
509	KX889222	130506
509	KX889223	130506
509	KX889224	2015413
509	KX889225	2015414
509	KX889226	2015415
509	KX889278	2015433
509	KX889281	2017479
509	KX889282	1160563
509	KX889287	2015434
509	KX889288	2015434
509	KY991620	2136902
509	KY991803	2136903
509	KY991964	2136909
509	KY992022	2136906
509	KY992024	2136907
509	KY992051	2136919
509	KY992061	2136920
510	KY991983	2136681
511	MH712548	45679
512	MH743831	266536
513	MH819883	2054520
514	KY991656	2136476
514	KY991841	1170329
514	KY991842	1170325
514	KY991843	1170326
514	KY991844	1170323
514	KY991845	1170328
514	MK184562	1170324
515	MK258156	2493497
516	MN399972	1128374
517	KY991617	2170454
517	KY991833	2136430
517	MW462489	2136432
517	MW462490	2136432
517	MW462491	2136432
517	MW462492	2136432
517	MW462505	2866934
517	MW462509	2136435
518	MW462493	135801
518	MW462494	135801
519	MW462495	135801
520	OP090096	1042406
521	X86895	39848
522	X86900	39852
523	AY673045	94334
524	AY673048	94342
525	AY673066	96515
526	GU726292	516069
527	JQ730068	1160542
528	JQ730096	1160568
529	JQ730109	1160576
529	JQ730110	1160577
529	JQ730111	1160578
529	JQ730113	1160580
529	KF463035	1421372
529	KY991561	1421372
529	KY991625	2136623
529	KY991626	2136730
529	KY991627	2136632
529	KY991630	2136731
529	KY991631	2136635
529	KY991635	2136630
529	KY991639	1421372
529	KY991660	2136629
529	KY991695	2136639
529	KY991699	2136637
529	KY991701	2136408
529	KY991708	2136622
529	KY991709	2136627
529	KY991710	2136621
529	KY991806	1160578
529	KY991926	2136628
530	JQ730122	1160587
530	JQ730123	1160588
530	JQ730124	1160589
530	JQ730125	1160590
530	KY991542	1160588
531	JQ730154	596820
531	JQ730155	596820
532	JQ730163	1160626
533	JQ730203	1160663
534	JQ730219	993490
535	KC896701	167922
536	KF463040	1412886
537	KF821522	376210
537	KF821524	1419918
537	KY991908	376210
537	KY991909	1419918
537	MH819882	2303609
538	KP718421	1721084
538	KP718450	99091
539	KP718429	1721081
539	KP718430	1721081
539	KP718443	1721077
539	KP718444	1721079
539	KP718445	1721079
539	KP718446	1721079
539	KP718455	457729
540	KP718474	1721060
540	KP718475	457726
541	KP718478	1721048
542	KU501078	1827415
543	KX831980	136217
543	KX831983	136217
543	KX831985	136217
543	KX831987	136217
543	KX831989	136217
543	KX831995	136217
543	KX832010	136217
543	KX832017	136217
543	KX832020	136217
543	KX832025	136217
543	KX832038	136217
543	KX832039	136217
544	KX889230	2017612
544	KX889231	2017613
544	KX889232	2017614
544	KX889239	2017471
544	KX889240	2017471
544	KX889248	2017472
544	KX889254	2017481
545	JQ730084	1160561
545	KX889272	1160561
545	KX889277	2017476
545	KX889283	2017477
546	JQ730077	1160549
546	KX889273	2017466
546	KX889274	2017467
546	KX889275	2017467
546	KX889279	2015438
546	KX889280	2015438
546	KX889284	2017465
546	KX889285	2024545
546	KY991777	1265831
547	KY700276	1077889
548	KY991495	2136671
549	KY991624	1421367
550	JQ730114	1160581
550	KY991697	2136625
550	KY991920	2136636
550	KY991921	113472
551	LC714834	2952730
551	LC714835	2952730
551	LC714836	2952730
552	MH813137	371650
552	MH813137	371650
553	MK049256	2055977
554	MK132917	680190
555	MK184605	2488843
555	MK184605	2488843
556	EU055683	476979
556	KY991813	1277810
556	KY991917	476979
556	KY991996	2136921
556	KY991998	1277815
556	KY992000	1277812
556	MK184566	2488848
556	MK184567	2488849
556	MK184568	2488850
556	MK184569	1277815
556	MK184570	2364035
556	MK184571	2488851
556	MK184572	2488852
556	MK184573	2488853
556	MK184575	2488855
556	MK184576	2488856
556	MK184600	2488839
556	MK184601	1277810
556	MK184603	2488841
556	MK184604	2488842
556	MK184607	1277809
556	MK184609	2488845
556	MK184610	2488846
557	MK429994	3625
557	MK429995	3625
557	MK429996	3625
557	MK429997	3625
557	MK429998	3625
557	MK429999	3625
557	MK430000	3625
557	MK430001	3625
557	MK430002	3625
557	MK430003	3625
557	MK430004	3625
557	MK430005	3625
558	KX889276	2017475
558	MK617538	2017475
558	MK617539	2017475
559	MW462485	147617
560	MW462487	2866781
560	MW462488	2866781
560	MW462513	2866935
560	MW462514	2866935
560	MW462515	2866935
561	MW462496	2136433
562	MW462504	2136650
563	MW462512	2866938
564	MW462516	2866910
564	MW462523	2866912
565	MW462518	2866911
566	MW462519	2136429
567	MW462525	2866920
568	MW462532	2866924
568	MW462534	2866922
569	MW462533	2866921
570	MW462535	2866925
570	MW462544	137795
571	MW462537	2866925
572	MW462538	135510
572	MW462539	135510
572	MW462540	135510
572	MW462541	135510
572	MW462542	135510
572	MW462543	2586952
572	MW462546	2866919
573	MW462545	2866767
574	MZ063562	2831609
574	MZ063563	2831609
574	MZ063568	2831609
574	MZ063614	2831609
574	MZ063615	2831609
574	MZ063617	2831609
574	MZ063618	2831609
574	MZ063621	2831609
574	MZ063623	2831609
574	MZ063632	2831609
574	MZ063633	2831609
574	MZ063674	2831609
574	MZ063676	2831609
574	MZ063678	2831609
574	MZ063679	2831609
575	OL636335	1291645
575	OM060341	39908
575	OM060349	42038
575	OM060350	1291645
575	X86865	38870
576	OR068390	3043331
576	OR068391	3043331
577	OR199471	2768810
578	PV809967	1762910
579	PV810077	1671342
579	PV810078	1671342
579	PV810079	1671342
579	PV821430	3443849
579	PV821431	3443851
580	PZ111822	3014252
581	X86849	39919
581	X86851	39882
582	EU055727	477024
582	EU055736	458135
582	EU055740	477037
582	EU055771	477064
582	EU055783	477077
582	EU055789	477083
582	EU055796	477091
582	EU055822	477114
582	EU055824	477116
582	EU055826	477118
582	EU055827	477119
582	EU055836	477128
582	EU055851	477142
582	EU055855	477146
582	GQ139307	477024
582	KF821603	1420004
582	KF821627	477037
582	KF821673	1420062
582	KF821711	1420096
582	MF953152	1420004
582	MF953153	2291915
582	MF953154	1809281
582	MF953155	2291916
582	MF953156	1593457
582	MF953157	1593457
582	MF953158	477114
582	MF953159	477114
582	MF953160	477119
582	MF953161	2291919
582	MF953162	477146
582	MF953163	2291920
582	MH743835	1420004
582	MH743848	2291919
582	MH743857	1420025
582	MH743860	477091
582	MH743862	2291916
582	MK020534	2420449
582	MK020535	2420432
583	AY460428	263206
583	JQ730038	1160512
583	JQ730039	121089
583	JQ730040	1160513
583	JQ730041	119936
583	JQ730042	1123422
583	KU501052	1827397
583	KU501053	1412876
583	KU501055	119936
583	KU501056	121089
583	KU501057	1123422
583	KU501064	1827399
583	KY991515	1160511
583	KY991540	1123422
583	KY991721	121089
584	JQ730045	1160517
585	JQ730066	119940
586	JQ730071	1160545
586	JQ730083	1160559
586	KU501068	1827412
586	KU501069	1827419
586	KU501070	1827428
586	KU501081	1827429
586	KY991767	1160559
586	KY991771	2136911
586	KY991775	1827417
587	JQ730072	1160546
588	JQ730085	130508
588	JQ730086	1160562
588	JQ730087	113466
588	KY991575	2136568
588	OP627689	1160562
589	JQ730103	119954
589	JQ730104	1160574
589	JQ730105	128733
589	JQ730106	122218
589	KY991501	2136447
589	KY991511	2136653
589	KY991519	119954
589	KY992009	2136733
589	KY992015	2136904
590	JQ730116	1160582
590	KY991516	113475
590	KY991989	2136939
591	JQ730119	40007
591	MH371008	2202554
592	JQ730129	1160592
592	KY991569	113477
592	MT000955	2572234
593	JQ730141	1160602
594	JQ730243	1160700
594	JQ730244	1160701
594	JQ730245	285593
594	JQ730246	130525
594	KX889292	2015455
594	KX889293	2015455
594	KX889295	2015427
594	KX889296	2015427
594	KX889303	2015454
594	KX889304	2015429
594	KX889305	2017667
594	KX889306	2015430
594	KX889307	2015431
594	KX889308	2015456
594	KX889309	2015432
594	KY991622	130525
594	KY991848	130518
594	KY992036	2136551
594	KY992048	2136945
594	KY992050	2136968
594	KY992052	2136969
594	KY992054	2136948
594	KY992055	2136949
594	KY992059	2136950
594	KY992060	2136951
594	KY992062	2136952
595	KC511483	1355408
595	KC511484	1355408
595	KC511485	59115
595	KF818394	59115
595	KF818395	1547482
596	KF707554	176246
596	KU350172	176246
596	OR640677	176246
597	KP858869	1785667
598	KU350169	45914
598	KU350174	45898
598	LC610877	764530
599	KX689329	1908410
600	KX889211	2015408
600	KX889236	2015447
600	KX889238	2015418
600	KX889241	2016258
600	KX889255	1389752
600	KX889256	1389752
600	KX889257	1389752
600	KX889259	1389752
600	KX889260	2015421
600	KX889262	2015422
600	KX889263	2015423
600	KX889264	2015423
600	KX889265	2015423
600	KX889267	2015424
600	KX889268	2015424
600	KX889269	2015424
600	KY992016	2136669
600	KY992019	2136667
600	MK617540	2725392
600	MK617542	2725393
601	KX889227	2015436
602	KY991529	1170340
602	KY991907	1170339
603	KY991693	2136537
604	KY991915	2136662
605	LC714833	2952729
606	MH113942	1262116
607	MH113961	1262117
608	MH669195	4218
608	MH669196	4217
608	MH669197	4217
608	MH669199	4218
608	MH669200	4217
608	MH669202	4218
608	MH669204	4217
608	MH669206	4217
608	MH669207	4218
608	MH669208	4217
608	MH669209	4218
608	MH669211	4217
608	MH669214	4217
608	MH669215	4218
608	MH669216	4217
608	MH669219	4217
608	MH669220	4218
608	MH669221	4217
608	MH669222	4217
608	MH669223	4217
608	MH669225	4217
608	MH669228	4217
608	MH669229	4217
609	MT536333	2740635
609	OP627776	2984482
610	MW462511	2866909
611	MW462517	2866936
612	MW462536	2866925
613	OP627688	1419883
614	KU350184	4351
614	OR640669	4351
615	PV900301	1439927
616	PV900322	2650407
617	OM060342	1389442
617	OM060343	512022
617	OM060344	2715423
617	OM060345	2906030
617	OM060346	1781609
617	OM060347	2715424
617	OM060348	2906031
617	OM060351	1390715
617	OM060352	1390714
617	OM060353	42041
617	OM060354	42039
617	X86860	39862
617	X86861	39898
617	X86872	39916
618	X86898	39861
619	AY460486	3028846
620	AY673063	94384
621	AY673073	4662
622	JQ730061	1160537
622	KY991702	1412877
623	JQ730067	1160541
624	KF781601	1415625
624	KY991880	2136409
625	KF821698	1420087
626	KP858778	648870
627	KP858779	1399668
628	KX689290	1888363
629	KY214928	94325
630	KY214936	94351
631	KY991531	2136631
631	KY991545	2136640
631	KY991547	2136626
632	KY991825	137791
633	KY991923	2170459
633	KY991924	1160575
633	KY991925	2170457
633	KY991928	2136729
634	KY991999	1277814
634	MK184565	1277814
635	LC610875	679021
636	MH547512	2499693
637	MK184574	2488854
637	MK184585	990356
638	MK184577	2488857
638	MK184598	2488834
638	MK184599	476979
639	MK184602	2488840
640	MK184606	2488844
640	MK184606	2488844
641	MK184608	1277811
642	OP627729	416631
643	OR594049	41230
644	PV537475	110690
644	PV537476	110690
644	PV537479	110690
644	PV537482	110690
644	PV537483	110690
644	PV537485	110690
644	PV537487	110690
644	PV537490	110690
644	PV537492	110690
644	PV537493	110690
644	PV537494	110690
644	PV537496	110690
644	PV537497	110690
644	PV537498	110690
644	PV537501	110690
644	PV537502	110690
645	PV810002	2839963
645	PV810073	2839963
646	PZ014422	2035797
647	X86826	39911
648	X86831	39921
649	X86847	3575
650	X86848	39878
651	X86874	39910
651	X86876	42042
651	X86878	39927
651	X86880	269079
652	X86875	39853
653	X86889	54818
654	AY673046	94337
655	AY673050	210052
656	EU055721	477018
656	EU055733	477030
656	EU055831	477123
656	KF821569	1419975
656	KX073171	477123
656	MK020571	2420367
656	MK020572	2420402
656	MK020573	2420431
656	MK020574	2420440
656	MK020575	2420391
656	MK020576	2420383
656	MK020577	2420418
656	MK020578	421929
656	MK020579	2420467
656	MK020584	2420439
656	MK020587	2420375
656	MK020621	2420411
656	MK020634	2420372
656	MK020643	2420374
656	MK020644	2420437
656	MK020645	2420388
656	MK020653	2420456
657	JQ730064	266534
658	KC461126	1407747
659	KC511481	4707
659	KC511482	59099
660	KP718472	1721050
660	KP718473	1721050
661	KX108699	4222
662	KY700218	1193840
663	KY700470	35974
664	KY991877	2136466
665	MH113948	1073819
665	MH113957	1262117
665	MK132883	1073819
665	MK132891	1073819
666	MH547498	2896795
667	AY460454	263281
667	KY991629	263281
667	KY991640	2136612
667	MH819885	2303611
667	MH819888	2303614
668	MH819927	2303637
669	MK049257	362630
670	MK392130	261420
671	OL414846	2893183
671	OL414858	2892853
671	OL414859	2892853
671	OL414860	2893186
671	OL414863	2892878
672	OL414911	2892868
672	OL414912	2892868
673	PQ007634	701516
674	PX368930	200489
675	X86829	39899
675	X86830	39879
676	X86856	39914
677	X86859	39884
678	X86882	54810
679	X86884	39901
680	X86885	39906
680	X86887	39909
681	X86890	39925
682	X86892	39858
683	X86893	42036
683	X86894	39855
684	EF526362	208873
685	EF526367	208863
686	KC292629	1302822
687	KJ158059	354501
688	KU350166	13508
688	KU350167	171226
688	LC610889	13508
688	LC610894	13508
689	KX500077	640776
689	KX500082	640776
689	KX500084	640776
689	KX500091	640776
690	KX534383	1905217
691	KY700453	46147
692	KY991505	2136469
693	MN153761	152096
693	MN153769	459596
694	MN824877	4120
694	MN824878	4120
694	MN824879	4120
694	MN824880	4120
694	MN824881	4120
694	MN824882	4120
694	MN824883	4120
694	MN824884	4120
694	MN824885	4120
694	MN824886	4120
694	MN824887	4120
694	MN824888	4120
694	MN824889	4120
694	MN824890	4120
694	MN824891	4120
694	MN824892	4120
694	MN824893	4120
694	MN824894	4120
694	MN824895	4120
694	MN824896	4120
694	MN824897	4120
694	MN824898	4120
694	MN824899	4120
694	MN824900	4120
694	MN824901	4120
694	MN824902	4120
694	MN824903	4120
694	MN824904	4120
694	MN824905	4120
694	MN824906	4120
694	MN824907	4120
694	MN824908	4120
694	MN824909	4120
694	MN824910	4120
694	MN824911	4120
694	MN824912	4120
694	MN824913	4120
694	MN824914	4120
694	MN824915	4120
694	MN824916	4120
694	MN824917	4120
694	MN824918	4120
694	MN824919	4120
694	MN824920	4120
694	MN824921	4120
694	MN824922	4120
694	MN824923	4120
694	MN824924	4120
694	MN824925	4120
694	MN824926	4120
694	MN824927	4120
694	MN824928	4120
694	MN824929	4120
694	MN824930	4120
694	MN824931	4120
694	MN824932	4120
694	MN824933	4120
694	MN824934	4120
694	MN824935	4120
694	MN824936	4120
694	MN824937	4120
694	MN824938	4120
694	MN824939	4120
694	MN824940	4120
694	MN824943	4120
694	MN824944	4120
695	MZ191009	714518
696	OL414893	2892883
696	OL414894	2892883
696	OL414897	2136560
696	OL414898	2893188
696	OL414906	2136567
697	PX279283	1663448
698	X86852	39913
698	X86853	39869
699	X86899	13274
700	JN189714	1071044
701	JN617206	3880
702	JQ730160	1160623
703	KC461127	1407747
704	KF463038	1412942
704	KF463049	1421506
704	MT000936	1412947
705	KY214932	574483
706	KY700267	2093938
707	KY991732	1277822
707	KY991821	1277820
707	KY991963	1277821
707	KY991994	1277823
707	KY991995	1277824
707	MK184611	1277820
707	MK184612	1277821
707	MK184614	1277823
707	MK184615	1277824
707	MK184616	263287
707	MK184617	1277825
708	MF326274	197924
709	MH547527	861245
710	MW079309	4079
711	MW345612	38869
712	OL414844	2892847
712	OL414845	2892847
712	OL414847	119869
712	OL414853	2892852
712	OL414854	2892852
713	OL414855	2136477
713	OL414856	2136477
714	OL414865	119938
715	OL414884	2893187
716	OL414902	2892881
716	OL414903	2893134
716	OL414904	2892884
717	OR593997	1081563
717	OR593998	2840064
717	OR594000	572119
717	OR594001	3076094
717	OR594004	2840061
717	OR594008	3076090
717	OR594044	2839996
717	OR594047	572133
718	PV809969	557062
719	PV901713	90549
720	PX765859	197243
721	AY460430	263255
721	JQ730073	263255
722	JN617189	47742
723	JQ730079	1160554
724	JQ730080	2806863
724	KY991566	2806863
725	KY700341	114475
726	KY700367	404691
727	KY700499	208267
728	KY991922	2136633
729	EU055682	476977
729	MK020502	2420482
730	OL414866	2136523
730	OL414870	2892855
730	OL414872	2807167
730	OL414873	2807167
730	OL414874	119880
730	OL414876	2494297
730	OL414877	2494297
730	OL414878	2494298
730	OL414879	2494298
730	OL414880	2494298
730	OL414881	2494298
730	OL414882	2892857
731	OL414886	2806811
732	OL414908	2893138
732	OL414909	2893138
733	OR271873	3062095
734	OR594005	2963122
734	OR594006	2840065
734	OR594015	3076091
734	OR594021	2738139
734	OR594022	2840058
734	OR594025	2840066
734	OR594026	2840063
734	OR594033	1737577
734	OR594037	587663
734	OR594039	3076088
734	OR594040	572119
735	PV810087	2588167
736	KC420491	3237174
737	KM978077	1562511
738	KU501080	1827427
739	KY700418	43522
739	MF375758	43522
739	MF375759	43522
740	KY991491	2136732
740	KY991597	2136936
740	KY991674	2136642
740	KY991683	119824
740	MK184618	119824
741	KR062482	427163
741	MH743833	427154
741	MH743834	427163
742	MZ191012	20414
743	OL414889	2892861
743	OL414890	2892861
743	OL414891	2494311
744	PX765029	497279
744	PX765030	497279
745	X86896	39387
746	AY460435	263336
746	AY460436	113479
746	JQ730137	1160597
746	JQ730138	113479
746	KY991568	113479
746	KY991731	2136664
746	MT000956	2772857
746	MT536237	113479
746	MT536335	2136663
746	OP627732	1160597
746	OP627733	2136664
746	OP627734	113479
746	OP627794	263336
747	AY673058	210063
748	EF526394	4424
749	JQ730046	1160519
749	KY991991	2136668
750	JQ730044	1160516
750	JQ730070	1160544
750	KU501071	1827414
750	KU501072	1827413
750	KU501073	1412890
750	KU501074	1827421
750	KU501075	1827418
750	KU501076	1412890
750	KU501077	1827416
750	KY991871	1412890
751	KF821528	119822
751	KY991912	119822
752	AY460456	263283
752	EU055707	477002
752	KF821538	1419950
752	KY991496	1419950
752	KY991817	263285
752	KY991910	263283
752	KY991918	477002
752	MH819889	2303615
752	MH819893	2303619
752	MH819900	2303624
752	MH819922	2303634
753	KY214931	160690
754	KY700300	196661
755	KY991497	2136675
756	KY991828	2136433
756	KY992064	2136432
757	LC822540	1155250
758	MH819884	2054522
759	MW462551	2866927
760	MZ413813	3847
761	PZ539347	3722942
762	AY673049	94344
763	KC441019	499988
763	KC441020	499988
764	KY214929	4639
765	MH230002	2461306
766	MH602402	225203
766	MH602402	225203
767	MW462486	147617
767	MW462522	2866937
768	OR223225	2829224
769	PV901313	121766
770	AY673072	101617
770	KY214927	101617
771	JX975671	3951
771	JX975672	3951
771	JX975673	3951
771	JX975674	3951
772	KF821766	263338
772	MK020486	2420423
773	KY700462	1225821
774	LC656562	694323
775	MF595876	1814245
776	MG200158	103349
777	MT777703	2755084
778	OP090113	1273715
779	PV809980	1220089
780	JN617192	1215880
780	JN617201	3908
780	X17535	3906
781	KY700395	29674
782	KX889290	2015450
782	KX889291	130518
782	KX889294	2015426
782	KX889299	2017480
782	KX889300	2017480
782	KY992037	2015426
782	KY992039	130518
783	MH813133	4058
784	MH813197	152838
785	MN719101	28511
786	MZ329928	1472133
786	MZ329929	1472133
786	MZ468570	1472133
786	MZ468571	1472133
787	PX852325	4111
787	PX852329	4111
787	PX852330	4111
787	PX852331	4111
787	PX852333	4111
787	PX852335	4111
787	PX852338	4111
788	LC656557	1249727
789	MG217353	2182551
790	OR593999	3076093
791	PV809973	3435211
792	PV809997	3127715
793	PV821426	1762914
794	JQ730118	130522
794	KY991577	130522
795	KC904097	4392
796	KX656896	112863
796	KX656897	112863
797	KX889286	2015434
798	MH547471	1867344
799	MH547537	66629
800	MN719110	3538
801	OL414887	2893192
802	OL414910	2892868
803	PQ836331	3747
804	AY673070	160685
805	EF526405	147635
806	MH370812	267555
806	MN718805	132261
807	MH884557	1281416
808	OL414907	2893191
809	OM368180	132261
809	OM368181	132261
809	OR251132	132261
809	OR251133	132261
810	JQ730128	1160596
811	JX546290	634992
812	JX546291	634991
812	JX546292	520843
812	KC441024	520843
812	KC441025	520843
812	MN177612	2595091
813	JX546294	44016
813	JX546295	44015
814	KP015829	81913
815	LC720647	1142016
815	LC720648	1142016
815	LC720649	1142016
815	LC720650	1142016
815	LC720651	1142016
815	LC720652	1142016
815	LC720653	1142018
815	LC720654	1142018
815	LC720655	1142018
815	LC720656	1142018
815	LC720657	1142018
815	LC720658	1142018
815	LC720659	1142018
815	LC720660	1142018
815	LC720661	1142018
815	LC720662	2968398
815	LC720663	2968398
815	LC720664	2968398
815	LC720665	2968398
815	LC720666	2968398
815	LC720667	2968398
815	LC720668	2968398
815	LC720669	2968398
815	LC720670	2968398
815	LC720671	1142031
815	LC720672	1142031
815	LC720673	1142031
815	LC720674	1142031
815	LC720675	1142031
815	LC720676	1142031
815	OL774773	41644
815	OL774774	1142017
815	OL774775	1142017
815	OL774776	765941
815	OL774777	765941
815	OL774778	765941
815	OL774779	765941
815	OL774780	765941
815	OL774781	1142026
816	PP430641	3127376
817	PV900554	151230
817	PV900562	151230
818	JX546293	634990
819	KP858787	344771
820	KU350165	4341
821	MF871686	2030891
822	PQ278858	228245
823	EU055709	477004
823	EU055765	477060
823	EU055801	477096
823	MK020626	2420435
823	MK020655	2420382
823	MK020656	2420457
824	KY214926	1932183
824	KY214930	133197
825	KY214938	94321
826	KY214939	255355
826	KY214940	1159634
826	KY214941	4664
827	KY991850	1170344
827	MK184620	1170344
828	MH547546	1423397
829	OR199462	2021930
830	OR594046	2934803
831	KX373642	1962495
831	KX373645	1962496
831	KX373647	156472
831	KX373648	1962494
831	MF871689	156478
832	KY991826	135801
833	MH547474	126910
834	MH547485	293060
835	MH813132	4058
836	JQ730062	1160538
836	KY991729	2136527
836	KY991737	2136525
836	KY991747	2136524
836	KY991755	990360
836	KY991894	2136528
836	MK184579	266530
836	MK184581	1160538
836	MK184582	2136525
837	KY991560	2136556
837	MH819877	2136556
838	MF871659	156463
839	LC471212	1984802
840	JQ730063	990357
840	KY991743	2136526
840	KY991896	2136531
840	MK184589	266531
840	MK184597	2136531
840	OP627679	2136526
841	EF526407	29649
842	KY991758	990359
842	KY991890	2136530
842	KY991895	990358
842	KY991898	2136529
842	MK184583	990355
842	MK184587	990357
842	MK184591	990358
842	MK184593	2136530
842	MK184595	990360
842	MK184596	2488833
842	OP627678	2136525
843	KY991770	266532
843	KY991884	990357
843	KY991892	2170452
843	MK184580	1277818
843	MK184586	990357
843	MK184588	2136527
844	MF188242	2006499
845	MK184578	2136524
846	KF500510	454931
847	KY991800	2136663
847	OP627731	2136663
848	KF500511	180498
848	KF500512	180498
849	KY700392	3866
850	KY991931	2136933
851	KF500509	454933
852	OL414883	2893187
853	KX689353	1908416
853	KX689354	1908416
854	KY991824	2136437
855	OL414857	2893185
856	KM875624	50463
857	MH813190	190244
858	MK020620	2420470
859	KM875621	357220
859	KM875622	357220
859	KM875623	357220
859	KM875625	357220
859	KM875626	357220
859	KM875627	357220
859	KM875628	50462
859	KM875629	357220
859	MW282045	1932008
860	KY215129	1932187
861	MH547479	127615
862	OK483490	3713
862	OK563063	3713
862	OK623381	3713
862	OK623382	3713
862	OK623385	3713
862	OK623393	3713
862	OK623396	3713
862	OK623397	3713
862	PX833556	3713
862	PX833569	3713
862	PX833573	3713
862	PX833574	3713
862	PX833577	3713
862	PX833585	3713
862	PX833588	3713
862	PX833589	3713
862	PZ343113	3707
863	JQ730241	1160699
863	KY991742	2136940
864	KY991572	2136928
865	MH547481	65558
866	OP627757	2740648
867	MT583479	2743104
868	EU079374	152358
869	MH813130	91225
870	MH813192	190244
871	MW462524	2866797
872	MW462528	147616
872	MW462529	147616
873	MW462530	147616
873	MW462531	147616
874	MH813125	123498
874	MH813127	123498
875	MH813208	4097
876	MH813031	63479
877	MH813034	168497
878	JQ730130	113477
879	MH813139	212310
880	MH813183	3527
881	KX889228	2017473
882	MH813029	269722
883	MH813148	334664
883	MH813150	334664
884	MH813124	568080
885	MW462498	2866931
886	MH819874	2303604
887	OR271884	3062105
888	KY991823	2136435
889	KY992029	2136894
890	GQ139313	427259
891	MH813116	427660
892	OR083142	3043331
