AB019495	74635
AB043871	4054
AB043872	4054
AB071690	171929
AB076568	3311
AB280739	49827
AB456054	159033
AB456060	2708
AB456061	2708
AB456064	37656
AB456065	37656
AB456074	43166
AB456075	43166
AB456076	43166
AB456077	43166
AB456079	2711
AB456090	85571
AB456091	85571
AB456092	85571
AB456115	85571
AB456116	43166
AB456118	159033
AB456120	2711
AB456125	43166
AB456126	43166
AB456127	2711
AB456128	2708
AB457301	55670
AB571153	85571
AB854485	49827
AF046938	41496
AF046950	41492
AF047924	4232
AF047927	4232
AF055755	32247
AF055756	32247
AF055757	32247
AF058463	34317
AF118917	13427
AF163494	3747
AF179581	51240
AF185620	36596
AF186477	3750
AF186478	3750
AF186479	3750
AF186480	3750
AF186481	3750
AF186482	3750
AF186483	3750
AF186484	3750
AF250023	121718
AF250292	82423
AF274532	4054
AF274533	4054
AF274534	4054
AF297333	13451
AF297334	13451
AF297335	13451
AF303021	145754
AF303809	51240
AF315492	4442
AF318756	36596
AF369161	38860
AF382730	13750
AF382732	180763
AF399875	51240
AF399876	51240
AF419778	69266
AF422114	41496
AF426374	78511
AF440256	36777
AF493996	41492
AF494007	41492
AJ297579	78511
AJ409895	70073
AJ409898	155109
AJ409916	155124
AJ633290	50225
AJ633447	13427
AJ633450	13427
AJ633451	13427
AJ633453	13427
AJ633456	13427
AJ633457	13427
AJ744951	155124
AJ746374	13427
AJ746375	13427
AJ746376	13427
AJ746377	13427
AJ746378	13427
AJ746379	13427
AJ746388	13427
AJ746395	13427
AJ746396	13427
AJ746397	13427
AJ746398	13427
AJ746399	13427
AJ746400	13427
AJ746401	13427
AJ746402	13427
AJ746403	13427
AJ746404	13427
AJ746405	13427
AJ746406	13427
AJ746407	13427
AJ746408	13427
AJ746409	13427
AJ746410	13427
AJ786235	4054
AM050819	70073
AM050821	155109
AM234149	119949
AM398230	85571
AY006366	13451
AY065623	49827
AY074725	3641
AY074726	3641
AY074727	3641
AY074728	3641
AY074729	3641
AY096014	4442
AY183491	185542
AY183492	185542
AY218946	13427
AY233326	4054
AY274570	69266
AY445199	261776
AY504694	13427
AY506645	38860
AY506650	39338
AY548192	4054
AY548211	50225
AY581782	271192
AY615669	34317
AY615670	34317
AY615671	34317
AY615672	34317
AY615673	34317
AY615674	34317
AY615675	34317
AY615676	34317
AY615677	34317
AY615678	34317
AY615679	34317
AY615680	34317
AY626431	106677
AY818198	32247
AY818214	211815
AY818217	32247
AY826254	41522
AY862576	50225
AY862583	50225
DQ064590	94328
DQ189090	39338
DQ191445	3311
DQ284918	4054
DQ339097	4054
DQ339098	4054
DQ339099	4054
DQ521258	4202
DQ667225	38868
DQ667244	29719
DQ667291	39338
EF141011	51240
EF211083	36596
EF211084	36596
EF211085	36596
EF372233	3311
EF419480	145754
EF419481	145754
EF419482	145754
EF457686	155124
EF483943	4222
EF483944	4222
EF483945	4222
EF483946	4222
EF483947	4222
EF483948	4222
EF483949	4222
EF483950	4222
EF544738	4442
EF544739	4442
EF544740	4442
EF544741	4442
EF544742	4442
EF544743	4442
EF544744	4442
EF544745	4442
EF590763	43166
EF590764	85571
EF590778	185542
EF694711	34317
EU000600	155124
EU150074	3750
EU150075	3750
EU150076	3750
EU179212	127986
EU188893	183260
EU188894	183260
EU188895	183260
EU188896	183260
EU347722	155124
EU350117	3311
EU413918	97441
EU413919	97441
EU413920	97441
EU413921	97441
EU413922	97441
EU430658	97441
EU579772	4442
EU579773	4442
EU579774	4442
EU592011	4222
EU592017	4054
EU592020	4054
EU592021	4054
EU592025	4054
EU592027	4054
EU592029	4054
EU643829	3311
EU785940	271192
EU796895	39338
EU796897	185542
FJ004849	4442
FJ004850	4442
FJ004851	4442
FJ004852	4442
FJ004859	4442
FJ004882	4442
FJ004883	4442
FJ004884	4442
FJ004885	4442
FJ004886	4442
FJ004887	4442
FJ004888	4442
FJ010588	13750
FJ011736	13451
FJ356167	3747
FJ394705	185542
FJ432121	4442
FJ434164	37656
FJ503007	137220
FJ539127	4222
FJ593178	4054
FJ641910	43166
FJ641911	2711
FJ641912	2711
FJ641913	2711
FJ641914	2711
FJ641915	85571
FJ641916	85571
FJ641917	85571
FJ641918	2711
FJ641919	2711
FJ641920	2711
FJ641921	2711
FJ641922	2711
FJ641926	85571
FJ641928	85571
FJ641929	85571
FJ641930	85571
FJ641931	85571
FJ641932	85571
FJ641933	85571
FJ641934	85571
FJ641935	85571
FJ641936	85571
FJ641937	85571
FJ641938	85571
FJ641939	85571
FJ641940	2711
FJ641941	2711
FJ641942	2711
FJ641955	159033
FJ641956	37656
FJ641964	159033
FJ641966	159033
FJ649670	36596
FJ810003	661339
FJ899096	3752
FJ980301	51240
FJ980439	2708
FJ980443	137220
FJ980444	137220
FM164423	74635
FM164424	74635
FN687762	193516
FN687763	193516
FN687764	193516
GQ225853	85571
GQ225855	43166
GQ225856	2711
GQ225859	37656
GQ225862	2708
GQ225865	159033
GQ231966	85571
GQ231967	85571
GQ368476	661339
GU361894	180763
GU381394	29719
GU381395	38860
GU724280	4222
GU969621	41522
GU969647	4222
GU969648	4222
GU969649	4222
GU969650	4222
GU969651	4222
GU969652	4222
GU984340	119949
GU984341	119949
GU984342	119949
GU984343	119949
GU984344	119949
GU984345	119949
GU984346	119949
GU984347	119949
GU984348	119949
GU984349	119949
GU984350	119949
GU984351	119949
GU984352	119949
GU984353	119949
GU984354	119949
GU984355	119949
GU984356	119949
GU984357	119949
GU984358	119949
GU984359	119949
GU984360	119949
GU984361	119949
GU984362	119949
GU984363	119949
GU984364	119949
GU984365	119949
GU984366	119949
GU984367	119949
GU984368	119949
GU984369	119949
GU984370	119949
GU984371	119949
GU984372	119949
GU984373	119949
GU984374	119949
GU984375	119949
GU984376	119949
HE574821	51240
HE574822	51240
HE574823	51240
HE574824	51240
HE574825	51240
HE574826	51240
HE574827	51240
HE574828	51240
HE574829	51240
HE574830	51240
HE574831	51240
HE574832	51240
HE574833	51240
HE574834	51240
HE574835	51240
HE574836	51240
HE574837	51240
HE574838	51240
HE574839	51240
HE574840	51240
HE574841	51240
HE574842	51240
HE574843	51240
HE574844	51240
HE574845	51240
HE574846	51240
HE574847	51240
HE574848	51240
HE574849	51240
HE574850	51240
HE602402	49827
HE602409	51240
HF969271	36596
HM049887	51240
HM049888	51240
HM049889	51240
HM049890	51240
HM049891	51240
HM049892	51240
HM049893	51240
HM049894	51240
HM049895	51240
HM049896	51240
HM049897	51240
HM049898	51240
HM049899	51240
HM049900	51240
HM049901	51240
HM049902	51240
HM049903	51240
HM049904	51240
HM061487	4442
HM061488	4442
HM061489	4442
HM061490	4442
HM061491	4442
HM061492	4442
HM061493	4442
HM061494	4442
HM061495	4442
HM061496	4442
HM061497	4442
HM061498	4442
HM061499	4442
HM061500	4442
HM061501	4442
HM061502	4442
HM061503	4442
HM061504	4442
HM061505	4442
HM061506	4442
HM061507	4442
HM061508	4442
HM061509	4442
HM061510	4442
HM061511	4442
HM061512	4442
HM061513	4442
HM061514	4442
HM235958	13451
HM235970	13451
HM446498	4054
HM446499	4054
HM446500	4054
HM446501	4054
HM446502	4054
HM446503	4054
HM446504	4054
HM596049	34317
HM851451	97441
HM851455	214053
HM921410	4222
HM921413	13427
HQ112415	4054
HQ112416	4054
HQ161934	50225
HQ172904	13427
HQ407427	41522
HQ442226	13451
HQ442227	13451
HQ442228	13451
HQ442229	13451
HQ442230	13451
HQ442231	13451
HQ442232	13451
HQ442233	13451
HQ442234	13451
HQ442235	13451
HQ442236	13451
HQ442237	13451
HQ442238	13451
HQ442239	13451
HQ442241	13451
HQ442242	13451
HQ442243	13451
HQ442244	13451
HQ442245	13451
HQ442246	13451
HQ442247	13451
HQ442248	13451
HQ442249	13451
HQ442250	13451
HQ442251	13451
HQ442252	13451
HQ442253	13451
HQ442254	13451
HQ442255	13451
HQ442256	13451
HQ442257	13451
HQ442258	13451
HQ442259	13451
HQ442260	13451
HQ442261	13451
HQ714455	4202
HQ893877	85571
JF301353	39338
JF301355	38868
JF304815	119949
JF304816	119949
JF304817	119949
JF304818	119949
JF304819	119949
JF304820	119949
JF304821	119949
JF304822	119949
JF304823	119949
JF304824	119949
JF304825	119949
JF304826	119949
JF304827	119949
JF304828	119949
JF304829	119949
JF304830	119949
JF304831	119949
JF304832	119949
JF304833	119949
JF304834	119949
JF304835	119949
JF304836	119949
JF304837	119949
JF304838	119949
JF304839	119949
JF304840	119949
JF304841	119949
JF304842	119949
JF304843	119949
JF304844	119949
JF304845	119949
JF304846	119949
JF304847	119949
JF304848	119949
JF304849	119949
JF304850	119949
JF304851	119949
JF304852	119949
JF304853	119949
JF304854	119949
JF304855	119949
JF304856	119949
JF304857	119949
JF304858	119949
JF304859	119949
JF304860	119949
JF304861	119949
JF304862	119949
JF304863	119949
JF304864	119949
JF304865	119949
JF304866	119949
JF331900	984867
JF421472	36596
JF421483	4222
JF421520	4054
JF778867	49827
JF978070	36596
JF978071	36596
JF978072	36596
JF978073	36596
JF978074	36596
JF978075	36596
JF978104	36596
JF978105	36596
JF978106	36596
JF978107	36596
JN115024	4232
JN187108	137220
JN315918	41492
JN315941	41496
JN660890	119949
JN661209	85571
JN681149	2711
JN681150	2711
JN681153	37656
JN681165	2711
JN900292	106677
JQ034157	36596
JQ034165	36596
JQ230966	34256
JQ230974	13427
JQ230977	4222
JQ230979	50225
JQ301846	72402
JQ392372	661339
JQ392373	661339
JQ392462	3752
JQ740194	119949
JQ776883	36596
JQ934138	38868
JQ990165	2711
JQ990175	2708
JQ990184	43166
KC473251	38868
KC582864	94328
KC582866	94328
KC582867	94328
KC582868	94328
KC582869	94328
KC582870	94328
KC582871	94328
KC582872	94328
KC582873	94328
KC582874	94328
KC603919	41522
KC816562	127986
KC821754	36777
KC821755	36777
KC821756	36777
KC821757	36777
KC821760	36777
KC821762	36777
KC821765	36777
KC952018	55670
KC952021	34317
KF186588	3752
KF186589	3752
KF186590	3750
KF186617	3750
KF186618	3750
KF241287	193516
KF241288	193516
KF258695	137220
KF258696	137220
KF258697	137221
KF445414	82423
KF445416	172266
KF445417	121718
KF445421	82423
KF445424	172266
KF445425	82423
KF445429	82423
KF445434	172266
KF454101	51240
KF454102	51240
KF454103	51240
KF454104	51240
KF454105	51240
KF454106	4222
KF454198	36596
KF454199	36596
KF454200	36596
KF454202	36596
KF454269	29719
KF454415	261776
KF454423	78511
KF454428	78511
KF454429	78511
KF664192	171929
KF694725	121718
KF694727	121718
KF718361	32247
KF718369	32247
KF718371	74635
KF718378	36596
KF718382	74635
KF718387	36596
KF727964	4054
KF727965	4054
KF727966	4054
KF727967	4054
KF727968	4054
KF727969	4054
KF727970	4054
KF727971	4054
KF727972	4054
KF727973	4054
KF727974	4054
KF727975	4054
KF805102	4146
KF815491	72402
KF897516	82423
KF897517	82423
KF897518	82423
KF897519	172266
KF897520	172266
KF897521	172266
KF994019	51240
KJ436387	193516
KJ436388	193516
KJ543540	137220
KJ543541	137220
KJ543542	137220
KJ543543	137220
KJ543544	137220
KJ543545	137220
KJ543546	137220
KJ543547	137220
KJ543548	137220
KJ584196	38868
KJ584249	39338
KJ616469	137221
KJ616470	137221
KJ616471	137221
KJ616472	137221
KJ616473	137221
KJ616474	137221
KJ616487	137220
KJ616488	137220
KJ616489	137220
KJ616490	137220
KJ616491	137220
KJ616492	137220
KJ616493	137221
KJ616494	137221
KJ616495	137221
KJ616496	137220
KJ616497	137220
KJ616498	137220
KJ616499	137220
KJ616500	137220
KJ616501	137220
KJ616502	137220
KJ616503	137220
KJ616504	137220
KJ616505	137220
KJ616506	137220
KJ616507	137220
KJ616508	137220
KJ616509	137220
KJ616510	137220
KJ616511	137221
KJ616512	137221
KJ616513	137221
KJ616514	137220
KJ616515	137220
KJ616516	137220
KJ616517	137221
KJ616518	137221
KJ616519	137221
KJ616520	137221
KJ616521	137221
KJ616522	137221
KJ616523	137221
KJ616524	137221
KJ616525	137221
KJ616526	137221
KJ616527	137221
KJ616528	137221
KJ616529	137221
KJ616530	137221
KJ616531	137221
KJ616532	137220
KJ616533	137220
KJ616534	137220
KJ616535	137221
KJ616536	137221
KJ616537	137221
KJ616538	137221
KJ616539	137221
KJ616540	137221
KJ616541	137221
KJ616542	137221
KJ616543	137221
KJ616544	137221
KJ616545	137221
KJ616546	137221
KJ616547	137221
KJ616548	137221
KJ616549	137221
KJ616550	137221
KJ616551	137221
KJ616552	137221
KJ616553	137221
KJ616554	137221
KJ616555	137221
KJ616556	137221
KJ616557	137221
KJ616558	137221
KJ616559	137221
KJ616560	137221
KJ616561	137221
KJ616562	137221
KJ616563	137221
KJ616564	137221
KJ616565	137221
KJ616566	137221
KJ616567	137221
KJ616568	137221
KJ616569	137221
KJ616570	137221
KJ616571	137221
KJ616572	137221
KJ616573	137221
KJ616574	137221
KJ616575	137221
KJ616576	137221
KJ616577	137221
KJ616578	137221
KJ616579	137221
KJ872247	94328
KJ872248	94328
KJ872249	94328
KJ872250	94328
KJ872251	94328
KJ872252	94328
KJ872253	94328
KJ872254	94328
KJ872255	94328
KJ872256	94328
KJ872257	94328
KJ872258	94328
KM037405	32247
KM037406	32247
KM037407	32247
KM037408	32247
KM037409	32247
KM037410	32247
KM037411	32247
KM037480	211815
KM209458	180763
KM210318	13427
KM210327	271192
KM353039	74635
KM353040	74635
KM353041	74635
KM353042	74635
KM353043	74635
KM353044	74635
KM356146	41496
KM356147	41496
KM356159	41496
KM356160	41496
KM887375	49827
KM887383	50225
KP215444	13427
KP222467	183260
KP262031	183260
KP262032	183260
KP262033	183260
KP262034	183260
KP265316	4054
KP265317	4054
KP265318	4054
KP265319	4054
KR083197	106677
KR083198	106677
KR150143	4222
KR150177	271192
KR611530	34256
KR816705	94328
KR816706	94328
KR816707	94328
KR816708	94328
KR816709	94328
KR816710	94328
KR816711	94328
KR816712	94328
KR816713	94328
KR816714	94328
KR816715	94328
KT249755	41522
KT249756	41522
KT249757	41522
KT249758	41522
KT249880	50225
KT249883	50225
KT249884	50225
KT308097	72402
KT948630	4222
KT948969	127986
KU258489	4222
KU258490	4222
KU294730	32247
KU356134	49827
KU528507	4146
KU535472	43166
KU724207	49827
KU881068	714495
KU881098	32247
KU886053	4054
KX108699	4222
KX148595	94328
KX165520	82423
KX165729	41492
KX165731	41522
KX165732	41522
KX165757	172266
KX165774	13451
KX165951	82423
KX165952	145754
KX165953	82423
KX165954	172266
KX166004	97441
KX166120	180763
KX166132	211815
KX166146	214053
KX166209	145754
KX166323	180763
KX166493	172266
KX166602	106677
KX166666	32247
KX166683	13451
KX166715	180763
KX166851	74635
KX166897	97441
KX167047	214053
KX167167	41522
KX167248	74635
KX167250	74635
KX167364	41492
KX167427	145754
KX167546	13451
KX167615	127986
KX271096	4054
KX271097	4054
KX271098	4054
KX271099	4054
KX271100	4054
KX271101	4054
KX271102	4054
KX271103	4054
KX271104	4054
KX271105	4054
KX271106	4054
KX271107	4054
KX271108	4054
KX271109	4054
KX271110	4054
KX271111	4054
KX271112	4054
KX271113	4054
KX271114	4054
KX271115	4054
KX271116	4054
KX271117	4054
KX271118	4054
KX271119	4054
KX271120	4054
KX271121	4054
KX271122	4054
KX271123	4054
KX271124	4054
KX271125	4054
KX271126	4054
KX271127	4054
KX271128	4054
KX271129	4054
KX271130	4054
KX271131	4054
KX271132	4054
KX271133	4054
KX271134	4054
KX271135	4054
KX271136	4054
KX271137	4054
KX282490	3311
KX446803	41492
KX534378	72402
KX534384	72402
KX671853	4232
KX674843	4222
KX789286	119949
KX890453	36596
KX890454	36596
KX890455	36596
KX890456	36596
KX890457	36596
KX890458	36596
KX890459	36596
KX890460	36596
KX984256	183260
KY072943	34256
KY072944	34256
KY072947	38860
KY072948	29719
KY072952	39338
KY214459	72402
KY397481	4222
KY411902	925377
KY427086	72402
KY486202	2711
KY492291	72402
KY492292	72402
KY492293	72402
KY576674	72402
KY645509	49827
KY652971	51240
KY656151	43166
KY656155	2711
KY656156	85571
KY656160	2711
KY656161	2708
KY656162	2708
KY700425	4146
KY700426	4146
KY700427	4146
KY780580	4146
KY780581	4146
KY780582	4146
KY780583	4146
KY780584	4146
KY809048	51240
KY809049	51240
KY809050	51240
KY809051	51240
KY809052	51240
KY928288	4442
KY928290	4442
KY928291	4442
KY928292	4442
KY928293	4442
KY928294	4442
KY928295	4442
KY928296	4442
KY928298	4442
KY928300	4442
KY928302	4442
KY928303	4442
KY928304	4442
KY928305	4442
KY928306	4442
KY928307	4442
KY964734	3750
KY989518	4232
LC122471	29719
LC122472	29719
LC122473	29719
LC122474	38860
LC122475	38860
LC122476	38860
LC122477	34256
LC122478	34256
LC122479	34256
LC122480	34256
LC122481	34256
LC122482	29719
LC365302	50225
LC374287	34256
LC387642	41492
LC387643	41492
LC457703	137220
LC457704	137220
LC457706	137220
LC457707	137221
LC457709	137221
LC457710	137221
LC457712	137221
LC457713	137221
LC457714	137221
LC457715	137221
LC457716	137221
LC457718	137221
LC457719	137221
LC457720	137221
LC457721	137221
LC457723	137221
LC457724	137221
LC457725	137221
LC457726	137221
LC457727	137221
LC457731	137221
LC457735	137221
LC457737	137221
LC457760	137221
LC457761	137221
LC457762	137221
LC457763	137221
LC457781	137220
LC457782	137220
LC457783	137220
LC457784	137220
LC457785	137220
LC457786	137221
LC457787	137221
LC457788	137221
LC457789	137221
LC457790	137221
LC457791	137221
LC457792	137221
LC457793	137221
LC457794	137221
LC457795	137221
LC457796	137221
LC457797	137221
LC457798	137221
LC457799	137221
LC457800	137221
LC457801	137221
LC457802	137221
LC457803	137221
LC457804	137221
LC457805	137221
LC457806	137221
LC457807	137221
LC457808	137221
LC457809	137221
LC457810	137221
LC457811	137221
LC457812	137221
LC457813	137221
LC457814	137221
LC457815	137221
LC457816	137221
LC457817	137221
LC457818	137221
LC457819	137221
LC457820	137221
LC457821	137221
LC457822	137221
LC457823	137221
LC457824	137221
LC457825	137221
LC457826	137221
LC457827	137221
LC457828	137221
LC457829	137221
LC457830	137221
LC457831	137221
LC457832	137221
LC457833	137221
LC457834	137221
LC457835	137221
LC457836	137221
LC457837	137221
LC457838	137221
LC457839	137221
LC457840	137221
LC457841	137221
LC457842	137221
LC457843	137221
LC457844	137221
LC457845	137221
LC457846	137221
LC457847	137221
LC457848	137221
LC457849	137221
LC457850	137221
LC457851	137221
LC457852	137221
LC457853	137221
LC457854	137221
LC457855	137221
LC457856	137221
LC457857	137221
LC457858	137221
LC457859	137221
LC457860	137221
LC457861	137221
LC457862	137221
LC457863	137221
LC457864	137221
LC457865	137221
LC457866	137221
LC457867	137221
LC457868	137221
LC457869	137221
LC457870	137221
LC457871	137221
LC457872	137221
LC457873	137221
LC457874	137221
LC461745	94328
LC461809	183260
LC466572	4202
LC466573	4202
LC466574	4202
LC515680	32247
LC515681	714495
LC515685	32247
LC534298	50225
LC603247	193516
LC603248	193516
LC603249	193516
LC603250	193516
LC603251	193516
LC603252	193516
LC603253	193516
LC603254	193516
LC603255	193516
LC603256	193516
LC603257	193516
LC603258	193516
LC603259	193516
LC603260	193516
LC603261	193516
LC603262	193516
LC603263	193516
LC603264	193516
LC603265	193516
LC603266	193516
LC603267	193516
LC603268	193516
LC603269	193516
LC603270	193516
LC603271	193516
LC603272	193516
LC603273	193516
LC603274	193516
LC603275	193516
LC624282	32247
LC624375	714495
LC624381	32247
LC624386	32247
LC629697	32247
LC796266	51240
LC796267	51240
LC796828	51240
LC796829	51240
LC796830	51240
LC796831	51240
LC796832	51240
LC796833	51240
LC796834	51240
LC796835	51240
LC796836	51240
LC796837	51240
LC796838	51240
LC796839	51240
LC796840	51240
LC796841	51240
LC797469	714495
LC797475	714495
LC797478	714495
LC797481	714495
LC805922	51240
LC805923	51240
LC805924	51240
LC805925	51240
LC805926	51240
LC805927	51240
LC805928	51240
LC805929	51240
LC805930	51240
LC805931	51240
LC805932	51240
LC805933	51240
LC805934	51240
LC805935	51240
LC805936	51240
LC805937	51240
LC805938	51240
LC805939	51240
LC805940	51240
LC805941	51240
LC805942	51240
LC864278	13750
LC864279	13750
LC864280	13750
LC864281	13750
LS973926	74635
LS973930	4202
LS973936	172266
LS999882	145754
LS999883	39338
LS999884	34256
LS999886	50225
LS999888	82423
LS999889	94328
LT671635	172266
LT853921	41496
MF155026	85571
MF155027	2711
MF155028	2711
MF155029	85571
MF182370	51240
MF182375	51240
MF348962	13750
MF349146	13451
MF349177	145754
MF440609	4232
MF521626	41496
MF785629	137221
MF797954	159033
MF797955	159033
MF802504	159033
MF803171	185542
MF803172	185542
MF803173	185542
MF803174	185542
MF803175	185542
MF803176	185542
MF803177	185542
MF803178	185542
MF803179	185542
MF803180	185542
MF803181	185542
MF803182	185542
MF803183	185542
MF803184	185542
MF803185	185542
MF803186	185542
MF803187	185542
MF803188	185542
MF974186	159033
MF974187	159033
MF988685	159033
MG217438	180763
MG217525	41496
MG217566	13750
MG217772	4222
MG217884	50225
MG217894	4232
MG217946	41492
MG217995	41496
MG218084	180763
MG218098	4202
MG218267	38868
MG218286	39338
MG218301	38860
MG218883	4232
MG218972	4222
MG219112	50225
MG219143	41492
MG219188	69266
MG219426	41492
MG219487	4202
MG219797	4202
MG219856	4232
MG219956	69266
MG220046	41522
MG220246	69266
MG234605	106677
MG234930	214053
MG235059	193516
MG235202	97441
MG235277	82423
MG235317	145754
MG235553	78511
MG235848	172266
MG235917	13451
MG235972	69717
MG236201	145754
MG236237	51240
MG236301	32247
MG236424	172266
MG236431	78511
MG236756	82423
MG237122	145754
MG237368	172266
MG237540	145754
MG237605	36777
MG237607	51240
MG237752	78511
MG237811	13451
MG256269	51240
MG256270	51240
MG256281	39338
MG256347	97441
MG519288	50225
MG519289	50225
MG519290	50225
MG519291	50225
MG519292	50225
MG519293	50225
MG519294	50225
MG519295	50225
MG519296	50225
MG519297	50225
MG519298	50225
MG519299	50225
MG519300	50225
MG519301	50225
MG519302	50225
MG519303	50225
MG519304	50225
MG519305	50225
MG519306	50225
MG519307	50225
MG519308	50225
MG519309	50225
MG519310	50225
MG519311	50225
MG519312	50225
MG519313	50225
MG519314	50225
MG519315	50225
MG519316	50225
MG519317	50225
MG519318	50225
MG519319	50225
MG519320	50225
MG519321	50225
MG519322	50225
MG702200	85571
MG702204	2708
MG702211	2711
MG702212	85571
MG702214	37656
MG702216	43166
MG702218	85571
MG702220	85571
MG702223	2711
MG708036	185542
MG735456	36596
MG735457	36596
MG735458	36596
MG735459	36596
MG735460	36596
MG735461	36596
MG735462	36596
MG735464	36596
MG735465	36596
MG735466	36596
MG735467	36596
MG735468	36596
MG735469	36596
MG735470	36596
MG735471	36596
MG735472	36596
MG735473	36596
MG735474	36596
MG735475	36596
MG735476	36596
MG735477	36596
MG735478	36596
MG735479	36596
MG735480	36596
MG735481	36596
MG735482	36596
MG740676	127986
MG879268	97441
MG879286	214053
MG879287	214053
MG879288	214053
MH092045	51240
MH092047	51240
MH092049	51240
MH092051	51240
MH092052	51240
MH092053	51240
MH092054	51240
MH092055	51240
MH092056	51240
MH092057	51240
MH092058	51240
MH092059	51240
MH092060	51240
MH092061	51240
MH513582	145754
MH517024	145754
MH547483	72402
MH645772	49827
MH688868	271192
MH688882	49827
MH688888	38868
MH711300	137220
MH711478	193516
MH712684	51240
MH712728	85571
MH766911	55670
MH808106	4222
MH808107	4222
MH809029	36596
MH809030	36596
MK035559	4222
MK087869	145754
MK087883	4442
MK087888	13427
MK087894	43166
MK087895	37656
MK087897	2711
MK087911	34317
MK087913	2708
MK087916	49827
MK087918	193516
MK087922	185542
MK087931	127986
MK087933	39338
MK087935	34256
MK087939	4146
MK087942	4054
MK087946	392747
MK087952	74635
MK087954	32247
MK087955	38868
MK087956	4202
MK087964	55670
MK087969	50225
MK087976	69266
MK087977	13750
MK087978	180763
MK216502	13427
MK372221	3747
MK397435	119949
MK411346	3641
MK425905	39338
MK425928	38868
MK495364	145754
MK495365	145754
MK495371	145754
MK495430	145754
MK496052	145754
MK496176	145754
MK497792	145754
MK497803	145754
MK497832	145754
MK503448	193516
MK503449	193516
MK503450	193516
MK503451	193516
MK503452	193516
MK503453	193516
MK503454	193516
MK503455	193516
MK503456	193516
MK503457	193516
MK503458	193516
MN101212	50225
MN104055	50225
MN128608	3747
MN134402	69266
MN134403	180763
MN242036	4442
MN242037	4442
MN242038	4442
MN242039	4442
MN242040	4442
MN242041	4442
MN242042	4442
MN242043	4442
MN242044	4442
MN242045	4442
MN242046	4442
MN242047	4442
MN242048	4442
MN242049	4442
MN242050	4442
MN242051	4442
MN242052	4442
MN242053	4442
MN242054	4442
MN242055	4442
MN242056	4442
MN242057	4442
MN257765	72402
MN257828	72402
MN320481	661339
MN320482	661339
MN320483	661339
MN320484	661339
MN320485	661339
MN320486	661339
MN320487	661339
MN320488	661339
MN320489	661339
MN320490	661339
MN320491	661339
MN331150	41492
MN579517	4442
MN601914	50225
MN638972	85571
MN638973	85571
MN638974	85571
MN638984	85571
MN638985	85571
MN638986	85571
MN722006	193516
MN722065	36596
MN736469	155124
MN736470	155124
MN736471	155124
MN736472	155124
MN736473	155124
MN736474	155124
MN736475	155124
MN736476	155124
MN736477	155124
MN736478	155124
MN736479	155124
MN736480	155124
MN736481	155124
MN736482	155124
MN736483	155124
MN736484	155124
MN736485	155124
MN736486	155124
MN736487	155124
MN736488	155124
MN918905	41492
MN966491	2711
MT036287	49827
MT036290	49827
MT036291	49827
MT036294	49827
MT072696	36596
MT078684	714495
MT125968	4054
MT125969	4054
MT125970	4054
MT125972	4054
MT125973	4054
MT125974	4054
MT125975	4054
MT125976	4054
MT125977	4054
MT125978	4054
MT125979	4054
MT125980	4054
MT125981	4054
MT125982	4054
MT125983	4054
MT125984	4054
MT125985	4054
MT125986	4054
MT125987	4054
MT125993	4054
MT125994	4054
MT125995	4054
MT125996	4054
MT125997	4054
MT125998	4054
MT125999	4054
MT126000	4054
MT126001	4054
MT126002	4054
MT126043	36596
MT126044	36596
MT126045	36596
MT126046	36596
MT126047	36596
MT126048	36596
MT126049	36596
MT126050	36596
MT126051	36596
MT126052	36596
MT126053	36596
MT126054	36596
MT126055	36596
MT126056	36596
MT126057	36596
MT126058	36596
MT126059	36596
MT126060	36596
MT126061	36596
MT126062	36596
MT126063	36596
MT126064	36596
MT126065	36596
MT126066	36596
MT126067	36596
MT126068	36596
MT126069	36596
MT126070	36596
MT126071	36596
MT126072	36596
MT126073	36596
MT126074	36596
MT126075	36596
MT126076	36596
MT126077	36596
MT126078	36596
MT126079	36596
MT126080	36596
MT126081	36596
MT126082	36596
MT126083	36596
MT126084	36596
MT126085	36596
MT126086	36596
MT126087	36596
MT126088	36596
MT126089	36596
MT126090	36596
MT126091	36596
MT126092	36596
MT126093	36596
MT126094	36596
MT126095	36596
MT126096	36596
MT126097	36596
MT126098	36596
MT126099	36596
MT126100	36596
MT126101	36596
MT126102	36596
MT126103	36596
MT126104	36596
MT126105	36596
MT126106	36596
MT126107	36596
MT126108	36596
MT126109	36596
MT126110	36596
MT126111	36596
MT126112	36596
MT126113	36596
MT126114	36596
MT126115	36596
MT126116	36596
MT126117	36596
MT126118	36596
MT126119	36596
MT126120	36596
MT126121	36596
MT126122	36596
MT126123	36596
MT126124	36596
MT126125	36596
MT126126	36596
MT126127	36596
MT126128	36596
MT126129	36596
MT126130	36596
MT126131	36596
MT126132	36596
MT126133	36596
MT126134	36596
MT126135	36596
MT126136	36596
MT126137	36596
MT126138	36596
MT126139	36596
MT126140	36596
MT126141	36596
MT126142	36596
MT126143	36596
MT126144	36596
MT126145	36596
MT126146	36596
MT126147	36596
MT126148	36596
MT126149	36596
MT126150	36596
MT126151	36596
MT126152	36596
MT126153	36596
MT126154	36596
MT126155	36596
MT126156	36596
MT126165	36596
MT126166	36596
MT126167	36596
MT126168	36596
MT126169	36596
MT126170	36596
MT126171	36596
MT126172	36596
MT126173	36596
MT126174	36596
MT137487	4146
MT192035	32247
MT227629	172266
MT227636	51240
MT227677	82423
MT227678	82423
MT227681	172266
MT227738	36777
MT350358	49827
MT350359	49827
MT350364	49827
MT350377	49827
MT350378	49827
MT358879	392747
MT367048	214053
MT367082	214053
MT444955	34317
MT495786	94328
MT808913	29719
MT808914	29719
MT808915	29719
MT823201	3750
MT823204	3750
MT881013	13427
MT922661	4222
MT922680	13427
MT922717	261776
MT922831	50225
MT922832	50225
MT923589	49827
MT923590	49827
MT924045	36777
MT924046	36777
MW018805	55670
MW040322	3258
MW040323	3258
MW040324	3258
MW145439	50225
MW145443	50225
MW174006	2711
MW174007	2711
MW174008	2711
MW174009	2711
MW174010	85571
MW174011	85571
MW174012	85571
MW174013	85571
MW251729	4442
MW251730	4442
MW251732	4442
MW251733	4442
MW251734	4442
MW251735	4442
MW251737	4442
MW261743	2711
MW261744	2711
MW261745	85571
MW261746	85571
MW292721	925377
MW309394	74635
MW319015	4232
MW382880	193516
MW382881	193516
MW382882	193516
MW382883	193516
MW408840	36596
MW408841	36596
MW408842	36596
MW425868	193516
MW425869	193516
MW469071	38868
MW469072	38868
MW589132	38868
MW589133	38868
MW589136	38868
MW812443	38868
MW812444	38868
MW812445	38868
MW812446	38868
MW812447	38868
MW812449	38868
MW812450	38868
MW812451	38868
MW812454	38868
MW812455	38868
MW812457	38868
MW812458	38868
MW812460	38868
MW812461	38868
MW812462	38868
MW843830	36596
MZ190938	41522
MZ190964	271192
MZ190975	145754
MZ190988	34256
MZ190990	34256
MZ190997	38868
MZ191013	41522
MZ191030	271192
MZ191037	145754
MZ191047	34256
MZ191050	38868
MZ291824	51240
MZ291825	51240
MZ291826	51240
MZ291827	51240
MZ392876	180763
MZ392877	180763
MZ392880	180763
MZ392881	180763
MZ392882	180763
MZ392883	180763
MZ392884	180763
MZ392885	180763
MZ392886	180763
MZ392887	180763
MZ392888	180763
MZ392889	180763
MZ392890	180763
MZ392891	180763
MZ392892	180763
MZ392893	180763
MZ392894	180763
MZ392895	180763
MZ392896	180763
MZ392897	180763
MZ392898	180763
MZ392899	180763
MZ392900	180763
MZ392901	180763
MZ392902	180763
MZ392903	180763
MZ392904	180763
MZ392905	180763
MZ392906	180763
MZ392907	180763
MZ392908	180763
MZ392909	180763
MZ392910	180763
MZ392911	180763
MZ392912	180763
MZ392913	180763
MZ392914	180763
MZ392915	180763
MZ392916	180763
MZ392917	180763
MZ392918	180763
MZ392919	180763
MZ392920	180763
MZ392921	180763
MZ392922	180763
MZ392923	180763
MZ392924	180763
MZ392925	180763
MZ392926	180763
MZ392927	180763
MZ392928	180763
MZ392929	180763
MZ392930	180763
MZ392931	180763
MZ392932	180763
MZ392933	180763
MZ392934	180763
MZ392935	180763
MZ392936	180763
MZ392937	180763
MZ392938	180763
MZ392939	180763
MZ392940	180763
MZ392941	180763
MZ392942	180763
MZ392943	180763
MZ392944	180763
MZ392945	180763
MZ392946	180763
MZ392947	180763
MZ392948	180763
MZ392950	180763
MZ392951	180763
MZ392952	180763
MZ392953	180763
MZ392954	180763
MZ392955	180763
MZ392956	180763
MZ497241	3750
MZ656041	4232
MZ656046	74635
MZ656077	74635
MZ710531	94328
MZ710532	94328
MZ710533	94328
MZ710534	94328
MZ710535	94328
MZ710536	94328
MZ710538	94328
MZ710539	94328
MZ726403	3747
MZ779162	50225
MZ779163	36596
MZ779165	3311
OK052871	171929
OK065102	3750
OK065592	3750
OK065618	3750
OK065656	3750
OK072721	3750
OK178284	36596
OL304248	3258
OL304249	3258
OL304250	3258
OL415924	145754
OL434460	193516
OL434513	41492
OL434529	106677
OL434623	4202
OL536581	4146
OL536685	3641
OL580736	127986
OL597922	127986
OL597965	127986
OL597966	127986
OL597967	127986
OL635397	127986
OL635398	127986
OL635399	127986
OL635400	127986
OL635401	127986
ON023819	36596
ON054054	49827
ON127554	183260
ON127555	183260
ON127556	183260
ON135430	94328
ON201453	34256
ON340620	37656
ON340726	43166
ON510117	34256
ON713478	3258
ON713479	3258
ON713480	3258
ON713484	3258
ON713485	3258
ON832245	3311
ON832246	3311
ON876507	3258
ON876508	3258
ON878112	49827
OP491881	74635
OP804469	36596
OP804470	36596
OP804471	36596
OP804472	36596
OP804473	36596
OP856644	214053
OP856645	214053
OP856646	214053
OP856647	214053
OP856648	214053
OQ102298	51240
OQ102305	51240
OQ102317	51240
OQ102319	51240
OQ102321	51240
OQ102322	51240
OQ102440	51240
OQ102441	51240
OQ102442	51240
OQ102443	51240
OQ102471	51240
OQ102472	51240
OQ102473	51240
OQ102474	51240
OQ129596	85571
OQ129944	2711
OQ130006	2711
OQ130008	2711
OQ355483	94328
OQ389957	13427
OQ458766	72402
OQ842810	36777
OQ842820	4232
OQ842855	50225
OQ910045	172266
OQ910055	172266
OQ938753	4222
OQ938754	4222
OQ938755	4222
OQ938756	4222
OQ938757	4222
OQ938758	4222
OQ938759	4222
OQ938760	4222
OQ938761	4222
OQ938762	4222
OQ938763	4222
OQ938764	4222
OQ938765	4222
OQ938766	4222
OQ938767	4222
OQ938768	4222
OQ938769	4222
OQ938770	4222
OQ938771	4222
OQ938772	4222
OQ938773	4222
OQ938774	4222
OQ938775	4222
OQ938776	4222
OQ938777	4222
OQ938778	4222
OQ938779	4222
OQ938780	4222
OQ938781	4222
OR234884	69266
OR234886	172266
OR234897	51240
OR234923	13451
OR234938	13451
OR234973	41522
OR234975	145754
OR234976	145754
OR234979	36596
OR234980	36596
OR234987	4232
OR234990	41522
OR235004	36596
OR235005	39338
OR235015	172266
OR235021	41522
OR235083	172266
OR235104	4146
OR235110	4202
OR243706	13427
OR243922	271192
OR398612	94328
OR400809	41496
OR400810	41496
OR400811	41496
OR400812	41496
OR400813	41496
OR400844	50225
OR428710	106677
OR452933	72402
OR637004	38868
OR637005	38868
OR637006	38868
OR637007	38868
OR660146	41492
OR660188	41522
OR660214	50225
OR660215	50225
OR678307	49827
OR678320	49827
OR678361	193516
OR704536	3750
OR704543	3750
OR708613	49827
OR708615	49827
OR821838	49827
OR825001	36777
OR835644	172266
PP060530	32247
PP060540	2711
PP060546	172266
PP158762	49827
PP232226	4232
PP232252	74635
PP232294	36777
PP531451	29719
PP531453	34256
PP531455	38860
PP702392	13427
PP818966	49827
PP906953	261776
PP952737	50225
PQ137970	41492
PQ137971	41492
PQ137972	41492
PQ138188	51240
PQ138233	3752
PQ138237	145754
PQ167944	106677
PQ167953	41522
PQ214989	714495
PQ214990	714495
PQ214991	714495
PQ334622	3750
PQ409611	74635
PQ437368	78511
PQ437369	106677
PQ443795	36777
PQ443828	36777
PQ452381	984867
PQ452970	3258
PQ558019	392747
PQ578733	29719
PQ578734	29719
PQ586217	4054
PQ647327	13451
PQ647328	13451
PQ647384	172266
PQ757283	13427
PQ757285	50225
PQ836329	3747
PQ836330	3747
PQ836331	3747
PQ836332	3747
PQ836333	3747
PQ836334	3747
PQ836335	3747
PQ836336	3747
PQ836337	3747
PQ836338	3747
PQ836339	3747
PQ836340	3747
PQ836341	3747
PQ836342	3747
PQ836343	3747
PQ836344	3747
PV069382	41522
PV069386	4222
PV089646	171929
PV089647	171929
PV089648	171929
PV089649	171929
PV089650	171929
PV089651	171929
PV089652	171929
PV089653	171929
PV089654	171929
PV089655	171929
PV089656	171929
PV089657	171929
PV089658	171929
PV089659	171929
PV089660	171929
PV089661	171929
PV589346	2711
PV589347	2711
PV589348	2711
PV589349	2711
PV589350	2711
PV589351	2711
PV702933	78511
PV702934	78511
PV844793	145754
PV844794	145754
PV844795	145754
PV844796	145754
PV876079	34256
PV892741	4222
PV892742	4222
PV900251	41522
PV900312	50225
PV901478	36777
PV901479	36777
PV901480	36777
PV902501	4222
PV902603	4222
PX061748	34256
PX061749	29719
PX061750	38860
PX471049	49827
PX471050	49827
PX485638	72402
PX492115	29719
PX506063	29719
PX551090	49827
PX551091	49827
PX551092	49827
PX551096	49827
PX551097	49827
PX551098	49827
PX551099	49827
PX551100	49827
PX551109	49827
PX551110	49827
PX551111	49827
PX551115	49827
PX551116	49827
PX551117	49827
PX551118	49827
PX551119	49827
PX562967	159033
PX695277	97441
PX729496	159033
PX760856	97441
PX842442	180763
PX854938	4202
PX963656	50225
PZ016484	193516
PZ361210	82423
PZ361249	180763
PZ361289	214053
PZ361302	13451
PZ361320	13427
PZ361341	74635
PZ361349	97441
PZ361383	3750
PZ361422	172266
PZ361470	3750
PZ361521	3750
PZ361530	41496
PZ361619	51240
PZ361628	32247
PZ410480	211815
U16195	3750
U41680	4054
U41681	4054
U41682	4054
U88204	4202
X15589	3747
X93990	3311
Y16380	3311
Y16892	3311
